Category,Action_Title,Action_Date,Ritual,Ritual_Date,Ritual_Lag,Holiday,Holiday_Date,Holiday_Lag
Expanded_Policy_Anchor,EO 14149 - Restoring Freedom of Speech,2025-01-20,Sanhedrin Convocation,2024-12-29 00:00:00.000000,22,Christmas,2024-12-25,26
Expanded_Policy_Anchor,EO 14168 - Gender Policy Reform,2025-01-20,Sanhedrin Convocation,2024-12-29 00:00:00.000000,22,Christmas,2024-12-25,26
Expanded_Policy_Anchor,EO 14151 - Ending DEI Programs,2025-01-29,Sanhedrin Convocation,2024-12-29 00:00:00.000000,31,Christmas,2024-12-25,35
Expanded_Policy_Anchor,EO 14224 - English Official Language,2025-03-01,Papal Extraordinary Consistory,2025-03-07 00:00:00.000000,6,St. Patrick's Day,2025-03-17,16
Expanded_Policy_Anchor,Presidential Preparedness EO,2025-03-19,Papal Extraordinary Consistory,2025-03-07 00:00:00.000000,12,St. Patrick's Day,2025-03-17,2
Expanded_Policy_Anchor,Ensuring Agency Accountability Order,2025-02-18,Papal Extraordinary Consistory,2025-03-07 00:00:00.000000,17,St. Patrick's Day,2025-03-17,27
Expanded_Policy_Anchor,Adjusting Imports of Copper Proclamation,2025-06-30,Red Heifer Ceremony,2025-07-01 00:00:00.000000,1,Easter,2025-04-20,71
Expanded_Policy_Anchor,Fentanyl Designated as WMD Order,2025-12-15,Papal Extraordinary Consistory,2025-12-17 00:35:18.349700,2,Christmas,2025-12-25,10
Expanded_Policy_Anchor,Ensuring American Space Superiority Order,2025-12-18,Temple Mount Foundation Stone Laying,2025-12-18 00:35:18.348927,0,Christmas,2025-12-25,7
Expanded_Policy_Anchor,DJI Import Restriction (FCC),2025-12-22,Papal Extraordinary Consistory,2025-12-23 00:35:18.349443,1,Christmas,2025-12-25,3
Expanded_Policy_Anchor,Interior Federal Land Policy Change,2025-12-22,Papal Extraordinary Consistory,2025-12-23 00:35:18.349443,1,Christmas,2025-12-25,3
Aid_Tech,US Aid to Israel - MERIP,1990-05-04,Temple Mount Foundation Stone Laying,2014-05-02 00:00:00.000000,8764,St. Patrick's Day,2015-03-17,9083
Aid_Tech,A Comprehensive Guide to U.S. Aid to Israel,1996-04-22,Temple Mount Foundation Stone Laying,2014-05-02 00:00:00.000000,6584,St. Patrick's Day,2015-03-17,6903
Aid_Tech,"U.S. to phase out economic, boost military aid to Israel",2001-01-19,Temple Mount Foundation Stone Laying,2014-05-02 00:00:00.000000,4851,St. Patrick's Day,2015-03-17,5170
Aid_Tech,"Israel, U.S. sign military aid deal",2007-08-16,Temple Mount Foundation Stone Laying,2014-05-02 00:00:00.000000,2451,St. Patrick's Day,2015-03-17,2770
Aid_Tech,Remarks and Press Availability at Signing Ceremony for ...,2007-08-16,Temple Mount Foundation Stone Laying,2014-05-02 00:00:00.000000,2451,St. Patrick's Day,2015-03-17,2770
Aid_Tech,Remarks and Press Availability at Signing Ceremony for ...,2007-08-16,Temple Mount Foundation Stone Laying,2014-05-02 00:00:00.000000,2451,St. Patrick's Day,2015-03-17,2770
Aid_Tech,U.S. Foreign Aid to Israel,2008-01-02,Temple Mount Foundation Stone Laying,2014-05-02 00:00:00.000000,2312,St. Patrick's Day,2015-03-17,2631
Aid_Tech,U.S. Foreign Aid to Israel,2008-01-02,Temple Mount Foundation Stone Laying,2014-05-02 00:00:00.000000,2312,St. Patrick's Day,2015-03-17,2631
Aid_Tech,U.S. Foreign Aid to Israel,2008-01-02,Temple Mount Foundation Stone Laying,2014-05-02 00:00:00.000000,2312,St. Patrick's Day,2015-03-17,2631
Aid_Tech,U.S. Foreign Aid to Israel,2008-01-02,Temple Mount Foundation Stone Laying,2014-05-02 00:00:00.000000,2312,St. Patrick's Day,2015-03-17,2631
Aid_Tech,U.S. Foreign Aid to Israel,2008-01-02,Temple Mount Foundation Stone Laying,2014-05-02 00:00:00.000000,2312,St. Patrick's Day,2015-03-17,2631
Aid_Tech,U.S. Foreign Aid to Israel,2014-04-11,Temple Mount Foundation Stone Laying,2014-05-02 00:00:00.000000,21,St. Patrick's Day,2015-03-17,340
Aid_Tech,H.Res.729 - Expressing support for the expeditious ...,2016-05-13,Temple Mount Foundation Stone Laying,2014-05-02 00:00:00.000000,742,Easter,2016-03-27,47
Aid_Tech,A New Aid Package for Israel - EveryCRSReport.com,2016-08-04,Temple Mount Foundation Stone Laying,2014-05-02 00:00:00.000000,825,Halloween,2016-10-31,88
Aid_Tech,A New Aid Package for Israel - EveryCRSReport.com,2016-08-04,Temple Mount Foundation Stone Laying,2014-05-02 00:00:00.000000,825,Halloween,2016-10-31,88
Aid_Tech,Memorandum of Understanding - U.S. Department of State,2016-09-07,Temple Mount Foundation Stone Laying,2014-05-02 00:00:00.000000,859,Halloween,2016-10-31,54
Aid_Tech,Memorandum of Understanding - U.S. Department of State,2016-09-07,Temple Mount Foundation Stone Laying,2014-05-02 00:00:00.000000,859,Halloween,2016-10-31,54
Aid_Tech,Memorandum of Understanding - U.S. Department of State,2016-09-07,Temple Mount Foundation Stone Laying,2014-05-02 00:00:00.000000,859,Halloween,2016-10-31,54
Aid_Tech,Memorandum of Understanding - U.S. Department of State,2016-09-07,Temple Mount Foundation Stone Laying,2014-05-02 00:00:00.000000,859,Halloween,2016-10-31,54
Aid_Tech,Memorandum of Understanding - U.S. Department of State,2016-09-07,Temple Mount Foundation Stone Laying,2014-05-02 00:00:00.000000,859,Halloween,2016-10-31,54
Aid_Tech,Memorandum of Understanding - U.S. Department of State,2016-09-07,Temple Mount Foundation Stone Laying,2014-05-02 00:00:00.000000,859,Halloween,2016-10-31,54
Aid_Tech,"US, Israel reach record military aid deal",2016-09-13,Temple Mount Foundation Stone Laying,2014-05-02 00:00:00.000000,865,Halloween,2016-10-31,48
Aid_Tech,"US, Israel reach record military aid deal",2016-09-13,Temple Mount Foundation Stone Laying,2014-05-02 00:00:00.000000,865,Halloween,2016-10-31,48
Aid_Tech,"US, Israel reach record military aid deal",2016-09-13,Temple Mount Foundation Stone Laying,2014-05-02 00:00:00.000000,865,Halloween,2016-10-31,48
Aid_Tech,Memorandum of Understanding Between the United States ...,2016-09-14,Temple Mount Foundation Stone Laying,2014-05-02 00:00:00.000000,866,Halloween,2016-10-31,47
Aid_Tech,Memorandum of Understanding Reached with Israel,2016-09-14,Temple Mount Foundation Stone Laying,2014-05-02 00:00:00.000000,866,Halloween,2016-10-31,47
Aid_Tech,Memorandum of Understanding Between the United States ...,2016-09-14,Temple Mount Foundation Stone Laying,2014-05-02 00:00:00.000000,866,Halloween,2016-10-31,47
Aid_Tech,Memorandum of Understanding Between the United States ...,2016-09-14,Temple Mount Foundation Stone Laying,2014-05-02 00:00:00.000000,866,Halloween,2016-10-31,47
Aid_Tech,Memorandum of Understanding Reached with Israel,2016-09-14,Temple Mount Foundation Stone Laying,2014-05-02 00:00:00.000000,866,Halloween,2016-10-31,47
Aid_Tech,Memorandum of Understanding Between the United States ...,2016-09-14,Temple Mount Foundation Stone Laying,2014-05-02 00:00:00.000000,866,Halloween,2016-10-31,47
Aid_Tech,Memorandum of Understanding Between the United States ...,2016-09-14,Temple Mount Foundation Stone Laying,2014-05-02 00:00:00.000000,866,Halloween,2016-10-31,47
Aid_Tech,Memorandum of Understanding Reached with Israel,2016-09-14,Temple Mount Foundation Stone Laying,2014-05-02 00:00:00.000000,866,Halloween,2016-10-31,47
Aid_Tech,Memorandum of Understanding Between the United States ...,2016-09-14,Temple Mount Foundation Stone Laying,2014-05-02 00:00:00.000000,866,Halloween,2016-10-31,47
Aid_Tech,Memorandum of Understanding Reached with Israel,2016-09-14,Temple Mount Foundation Stone Laying,2014-05-02 00:00:00.000000,866,Halloween,2016-10-31,47
Aid_Tech,Memorandum of Understanding Reached with Israel,2016-09-14,Temple Mount Foundation Stone Laying,2014-05-02 00:00:00.000000,866,Halloween,2016-10-31,47
Aid_Tech,Memorandum of Understanding Between the United States ...,2016-09-14,Temple Mount Foundation Stone Laying,2014-05-02 00:00:00.000000,866,Halloween,2016-10-31,47
Aid_Tech,Memorandum of Understanding Between the United States ...,2016-09-14,Temple Mount Foundation Stone Laying,2014-05-02 00:00:00.000000,866,Halloween,2016-10-31,47
Aid_Tech,Memorandum of Understanding Reached with Israel,2016-09-14,Temple Mount Foundation Stone Laying,2014-05-02 00:00:00.000000,866,Halloween,2016-10-31,47
Aid_Tech,Memorandum of Understanding Between the United States ...,2016-09-14,Temple Mount Foundation Stone Laying,2014-05-02 00:00:00.000000,866,Halloween,2016-10-31,47
Aid_Tech,Memorandum of Understanding Reached with Israel,2016-09-14,Temple Mount Foundation Stone Laying,2014-05-02 00:00:00.000000,866,Halloween,2016-10-31,47
Aid_Tech,Memorandum of Understanding Between the United States ...,2016-09-14,Temple Mount Foundation Stone Laying,2014-05-02 00:00:00.000000,866,Halloween,2016-10-31,47
Aid_Tech,Memorandum of Understanding Reached with Israel,2016-09-14,Temple Mount Foundation Stone Laying,2014-05-02 00:00:00.000000,866,Halloween,2016-10-31,47
Aid_Tech,Memorandum of Understanding Reached with Israel,2016-09-14,Temple Mount Foundation Stone Laying,2014-05-02 00:00:00.000000,866,Halloween,2016-10-31,47
Aid_Tech,Memorandum of Understanding Reached with Israel,2016-09-14,Temple Mount Foundation Stone Laying,2014-05-02 00:00:00.000000,866,Halloween,2016-10-31,47
Aid_Tech,Statement on the Memorandum of Understanding Between ...,2016-09-14,Temple Mount Foundation Stone Laying,2014-05-02 00:00:00.000000,866,Halloween,2016-10-31,47
Aid_Tech,Memorandum of Understanding Between the United States ...,2016-09-14,Temple Mount Foundation Stone Laying,2014-05-02 00:00:00.000000,866,Halloween,2016-10-31,47
Aid_Tech,Memorandum of Understanding Reached with Israel,2016-09-14,Temple Mount Foundation Stone Laying,2014-05-02 00:00:00.000000,866,Halloween,2016-10-31,47
Aid_Tech,Memorandum of Understanding Reached with Israel,2016-09-14,Temple Mount Foundation Stone Laying,2014-05-02 00:00:00.000000,866,Halloween,2016-10-31,47
Aid_Tech,Memorandum of Understanding Reached with Israel,2016-09-14,Temple Mount Foundation Stone Laying,2014-05-02 00:00:00.000000,866,Halloween,2016-10-31,47
Aid_Tech,Memorandum of Understanding Reached with Israel,2016-09-14,Temple Mount Foundation Stone Laying,2014-05-02 00:00:00.000000,866,Halloween,2016-10-31,47
Aid_Tech,Memorandum of Understanding Between the United States ...,2016-09-14,Temple Mount Foundation Stone Laying,2014-05-02 00:00:00.000000,866,Halloween,2016-10-31,47
Aid_Tech,Memorandum of Understanding Reached with Israel,2016-09-14,Temple Mount Foundation Stone Laying,2014-05-02 00:00:00.000000,866,Halloween,2016-10-31,47
Aid_Tech,Memorandum of Understanding Between the United States ...,2016-09-14,Temple Mount Foundation Stone Laying,2014-05-02 00:00:00.000000,866,Halloween,2016-10-31,47
Aid_Tech,Memorandum of Understanding Reached with Israel,2016-09-14,Temple Mount Foundation Stone Laying,2014-05-02 00:00:00.000000,866,Halloween,2016-10-31,47
Aid_Tech,US & Israel Security Assistance MOU Signing,2016-09-14,Temple Mount Foundation Stone Laying,2014-05-02 00:00:00.000000,866,Halloween,2016-10-31,47
Aid_Tech,Memorandum of Understanding Reached with Israel,2016-09-14,Temple Mount Foundation Stone Laying,2014-05-02 00:00:00.000000,866,Halloween,2016-10-31,47
Aid_Tech,"Israel, U.S. Sign Record Military Assistance Agreement",2016-09-14,Temple Mount Foundation Stone Laying,2014-05-02 00:00:00.000000,866,Halloween,2016-10-31,47
Aid_Tech,Memorandum of Understanding Reached with Israel,2016-09-14,Temple Mount Foundation Stone Laying,2014-05-02 00:00:00.000000,866,Halloween,2016-10-31,47
Aid_Tech,Memorandum of Understanding Reached with Israel,2016-09-14,Temple Mount Foundation Stone Laying,2014-05-02 00:00:00.000000,866,Halloween,2016-10-31,47
Aid_Tech,Memorandum of Understanding Reached with Israel,2016-09-14,Temple Mount Foundation Stone Laying,2014-05-02 00:00:00.000000,866,Halloween,2016-10-31,47
Aid_Tech,Memorandum of Understanding Between the United States ...,2016-09-14,Temple Mount Foundation Stone Laying,2014-05-02 00:00:00.000000,866,Halloween,2016-10-31,47
Aid_Tech,Memorandum of Understanding Between the United States ...,2016-09-14,Temple Mount Foundation Stone Laying,2014-05-02 00:00:00.000000,866,Halloween,2016-10-31,47
Aid_Tech,Memorandum of Understanding Reached with Israel,2016-09-14,Temple Mount Foundation Stone Laying,2014-05-02 00:00:00.000000,866,Halloween,2016-10-31,47
Aid_Tech,Memorandum of Understanding Reached with Israel,2016-09-14,Temple Mount Foundation Stone Laying,2014-05-02 00:00:00.000000,866,Halloween,2016-10-31,47
Aid_Tech,Memorandum of Understanding Between the United States ...,2016-09-14,Temple Mount Foundation Stone Laying,2014-05-02 00:00:00.000000,866,Halloween,2016-10-31,47
Aid_Tech,Memorandum of Understanding Reached with Israel,2016-09-14,Temple Mount Foundation Stone Laying,2014-05-02 00:00:00.000000,866,Halloween,2016-10-31,47
Aid_Tech,Obama hands Israel the largest military aid deal in history,2016-09-14,Temple Mount Foundation Stone Laying,2014-05-02 00:00:00.000000,866,Halloween,2016-10-31,47
Aid_Tech,Memorandum of Understanding Between the United States ...,2016-09-14,Temple Mount Foundation Stone Laying,2014-05-02 00:00:00.000000,866,Halloween,2016-10-31,47
Aid_Tech,Memorandum of Understanding Reached with Israel,2016-09-14,Temple Mount Foundation Stone Laying,2014-05-02 00:00:00.000000,866,Halloween,2016-10-31,47
Aid_Tech,Memorandum of Understanding Reached with Israel,2016-09-14,Temple Mount Foundation Stone Laying,2014-05-02 00:00:00.000000,866,Halloween,2016-10-31,47
Aid_Tech,Memorandum of Understanding Reached with Israel,2016-09-14,Temple Mount Foundation Stone Laying,2014-05-02 00:00:00.000000,866,Halloween,2016-10-31,47
Aid_Tech,Israel's New MOU: The Money and the Message,2016-09-15,Temple Mount Foundation Stone Laying,2014-05-02 00:00:00.000000,867,Halloween,2016-10-31,46
Aid_Tech,Israel's New MOU: The Money and the Message,2016-09-15,Temple Mount Foundation Stone Laying,2014-05-02 00:00:00.000000,867,Halloween,2016-10-31,46
Aid_Tech,"U.S., Israel sign $38 billion military aid package",2016-09-15,Temple Mount Foundation Stone Laying,2014-05-02 00:00:00.000000,867,Halloween,2016-10-31,46
Aid_Tech,"U.S., Israel sign $38 billion military aid package",2016-09-15,Temple Mount Foundation Stone Laying,2014-05-02 00:00:00.000000,867,Halloween,2016-10-31,46
Aid_Tech,Israel's New MOU: The Money and the Message,2016-09-15,Temple Mount Foundation Stone Laying,2014-05-02 00:00:00.000000,867,Halloween,2016-10-31,46
Aid_Tech,New US-Israeli Military Aid Package Reflects Shifts in ...,2016-09-15,Temple Mount Foundation Stone Laying,2014-05-02 00:00:00.000000,867,Halloween,2016-10-31,46
Aid_Tech,"U.S., Israel sign $38 billion military aid package",2016-09-15,Temple Mount Foundation Stone Laying,2014-05-02 00:00:00.000000,867,Halloween,2016-10-31,46
Aid_Tech,Israel's New MOU: The Money and the Message,2016-09-15,Temple Mount Foundation Stone Laying,2014-05-02 00:00:00.000000,867,Halloween,2016-10-31,46
Aid_Tech,"U.S., Israel sign $38 billion military aid package",2016-09-15,Temple Mount Foundation Stone Laying,2014-05-02 00:00:00.000000,867,Halloween,2016-10-31,46
Aid_Tech,Israel's New MOU: The Money and the Message,2016-09-15,Temple Mount Foundation Stone Laying,2014-05-02 00:00:00.000000,867,Halloween,2016-10-31,46
Aid_Tech,Israel's New MOU: The Money and the Message,2016-09-15,Temple Mount Foundation Stone Laying,2014-05-02 00:00:00.000000,867,Halloween,2016-10-31,46
Aid_Tech,Israel's New MOU: The Money and the Message,2016-09-15,Temple Mount Foundation Stone Laying,2014-05-02 00:00:00.000000,867,Halloween,2016-10-31,46
Aid_Tech,US and Israel sign record $38bn military aid deal,2016-09-15,Temple Mount Foundation Stone Laying,2014-05-02 00:00:00.000000,867,Halloween,2016-10-31,46
Aid_Tech,"U.S., Israel sign $38 billion military aid package",2016-09-15,Temple Mount Foundation Stone Laying,2014-05-02 00:00:00.000000,867,Halloween,2016-10-31,46
Aid_Tech,New US-Israeli Military Aid Package Reflects Shifts in ...,2016-09-15,Temple Mount Foundation Stone Laying,2014-05-02 00:00:00.000000,867,Halloween,2016-10-31,46
Aid_Tech,US Foreign Aid to Israel,2016-12-22,Temple Mount Foundation Stone Laying,2014-05-02 00:00:00.000000,965,Christmas,2016-12-25,3
Aid_Tech,U.S. Foreign Aid to Israel,2018-02-05,Temple Mount Foundation Stone Laying,2014-05-02 00:00:00.000000,1375,St. Patrick's Day,2018-03-17,40
Aid_Tech,U.S. Foreign Aid to Israel,2018-02-05,Temple Mount Foundation Stone Laying,2014-05-02 00:00:00.000000,1375,St. Patrick's Day,2018-03-17,40
Aid_Tech,U.S. Foreign Aid to Israel,2018-02-05,Temple Mount Foundation Stone Laying,2014-05-02 00:00:00.000000,1375,St. Patrick's Day,2018-03-17,40
Aid_Tech,U.S. Foreign Aid to Israel,2018-02-05,Temple Mount Foundation Stone Laying,2014-05-02 00:00:00.000000,1375,St. Patrick's Day,2018-03-17,40
Aid_Tech,U.S. Foreign Aid to Israel,2018-02-05,Temple Mount Foundation Stone Laying,2014-05-02 00:00:00.000000,1375,St. Patrick's Day,2018-03-17,40
Aid_Tech,U.S. Foreign Aid to Israel,2018-02-05,Temple Mount Foundation Stone Laying,2014-05-02 00:00:00.000000,1375,St. Patrick's Day,2018-03-17,40
Aid_Tech,U.S. Foreign Aid to Israel,2018-02-05,Temple Mount Foundation Stone Laying,2014-05-02 00:00:00.000000,1375,St. Patrick's Day,2018-03-17,40
Aid_Tech,U.S. Foreign Aid to Israel,2018-02-05,Temple Mount Foundation Stone Laying,2014-05-02 00:00:00.000000,1375,St. Patrick's Day,2018-03-17,40
Aid_Tech,U.S. Foreign Aid to Israel,2018-02-05,Temple Mount Foundation Stone Laying,2014-05-02 00:00:00.000000,1375,St. Patrick's Day,2018-03-17,40
Aid_Tech,U.S. Foreign Aid to Israel,2018-02-05,Temple Mount Foundation Stone Laying,2014-05-02 00:00:00.000000,1375,St. Patrick's Day,2018-03-17,40
Aid_Tech,U.S. Foreign Aid to Israel,2018-02-05,Temple Mount Foundation Stone Laying,2014-05-02 00:00:00.000000,1375,St. Patrick's Day,2018-03-17,40
Aid_Tech,U.S. Foreign Aid to Israel,2018-02-05,Temple Mount Foundation Stone Laying,2014-05-02 00:00:00.000000,1375,St. Patrick's Day,2018-03-17,40
Aid_Tech,U.S. Foreign Aid to Israel,2018-02-05,Temple Mount Foundation Stone Laying,2014-05-02 00:00:00.000000,1375,St. Patrick's Day,2018-03-17,40
Aid_Tech,U.S. Foreign Aid to Israel,2018-02-05,Temple Mount Foundation Stone Laying,2014-05-02 00:00:00.000000,1375,St. Patrick's Day,2018-03-17,40
Aid_Tech,U.S. Foreign Aid to Israel,2018-02-05,Temple Mount Foundation Stone Laying,2014-05-02 00:00:00.000000,1375,St. Patrick's Day,2018-03-17,40
Aid_Tech,U.S. Foreign Aid to Israel,2018-02-05,Temple Mount Foundation Stone Laying,2014-05-02 00:00:00.000000,1375,St. Patrick's Day,2018-03-17,40
Aid_Tech,U.S. Foreign Aid to Israel,2018-02-05,Temple Mount Foundation Stone Laying,2014-05-02 00:00:00.000000,1375,St. Patrick's Day,2018-03-17,40
Aid_Tech,U.S. Foreign Aid to Israel,2018-02-05,Temple Mount Foundation Stone Laying,2014-05-02 00:00:00.000000,1375,St. Patrick's Day,2018-03-17,40
Aid_Tech,Ten-Year Memorandum of Understanding Between the United ...,2018-10-01,Temple Mount Foundation Stone Laying,2014-05-02 00:00:00.000000,1613,Halloween,2018-10-31,30
Aid_Tech,Ten-Year Memorandum of Understanding Between the United ...,2018-10-01,Temple Mount Foundation Stone Laying,2014-05-02 00:00:00.000000,1613,Halloween,2018-10-31,30
Aid_Tech,Ten-Year Memorandum of Understanding Between the United ...,2018-10-01,Temple Mount Foundation Stone Laying,2014-05-02 00:00:00.000000,1613,Halloween,2018-10-31,30
Aid_Tech,"In Shadow of War, a Snapshot of US Military Assistance to ...",2023-10-13,Sanhedrin Convocation,2024-09-17 00:00:00.000000,340,Halloween,2023-10-31,18
Aid_Tech,Law and Policy Guide to US Arms Transfers to Israel,2023-11-09,Sanhedrin Convocation,2024-09-17 00:00:00.000000,313,Halloween,2023-10-31,9
Aid_Tech,Law and Policy Guide to US Arms Transfers to Israel,2023-11-09,Sanhedrin Convocation,2024-09-17 00:00:00.000000,313,Halloween,2023-10-31,9
Aid_Tech,Law and Policy Guide to US Arms Transfers to Israel,2023-11-09,Sanhedrin Convocation,2024-09-17 00:00:00.000000,313,Halloween,2023-10-31,9
Aid_Tech,Law and Policy Guide to US Arms Transfers to Israel,2023-11-09,Sanhedrin Convocation,2024-09-17 00:00:00.000000,313,Halloween,2023-10-31,9
Aid_Tech,US military support for Israel: What does it provide?,2024-04-08,Sanhedrin Convocation,2024-09-17 00:00:00.000000,162,Easter,2024-03-31,8
Aid_Tech,US military support for Israel: What does it provide?,2024-04-08,Sanhedrin Convocation,2024-09-17 00:00:00.000000,162,Easter,2024-03-31,8
Aid_Tech,Bilateral relations,2024-10-07,Papal Extraordinary Consistory,2024-10-07 00:00:00.000000,0,Halloween,2024-10-31,24
Aid_Tech,Bilateral relations,2024-10-07,Papal Extraordinary Consistory,2024-10-07 00:00:00.000000,0,Halloween,2024-10-31,24
Aid_Tech,Bilateral relations,2024-10-07,Papal Extraordinary Consistory,2024-10-07 00:00:00.000000,0,Halloween,2024-10-31,24
Aid_Tech,Bilateral relations,2024-10-07,Papal Extraordinary Consistory,2024-10-07 00:00:00.000000,0,Halloween,2024-10-31,24
Aid_Tech,Bilateral relations,2024-10-07,Papal Extraordinary Consistory,2024-10-07 00:00:00.000000,0,Halloween,2024-10-31,24
Aid_Tech,Bilateral relations,2024-10-07,Papal Extraordinary Consistory,2024-10-07 00:00:00.000000,0,Halloween,2024-10-31,24
Aid_Tech,Bilateral relations,2024-10-07,Papal Extraordinary Consistory,2024-10-07 00:00:00.000000,0,Halloween,2024-10-31,24
Aid_Tech,U.S. Security Assistance to Israel,2025-01-11,Sanhedrin Convocation,2024-12-29 00:00:00.000000,13,Christmas,2024-12-25,17
Aid_Tech,U.S. Security Assistance to Israel,2025-01-11,Sanhedrin Convocation,2024-12-29 00:00:00.000000,13,Christmas,2024-12-25,17
Aid_Tech,U.S. Security Assistance to Israel,2025-01-11,Sanhedrin Convocation,2024-12-29 00:00:00.000000,13,Christmas,2024-12-25,17
Aid_Tech,U.S. Security Assistance to Israel,2025-01-11,Sanhedrin Convocation,2024-12-29 00:00:00.000000,13,Christmas,2024-12-25,17
Aid_Tech,H.R.1229 - 119th Congress (2025-2026): United States- ...,2025-02-12,Papal Extraordinary Consistory,2025-03-07 00:00:00.000000,23,St. Patrick's Day,2025-03-17,33
Aid_Tech,Military Assistance to Israel,2025-03-01,Papal Extraordinary Consistory,2025-03-07 00:00:00.000000,6,St. Patrick's Day,2025-03-17,16
Aid_Tech,U.S. Security Cooperation with Israel,2025-04-25,Grand Mufti Al-Aqsa Declaration,2025-04-21 00:00:00.000000,4,Easter,2025-04-20,5
Aid_Tech,U.S. Security Cooperation with Israel,2025-04-25,Grand Mufti Al-Aqsa Declaration,2025-04-21 00:00:00.000000,4,Easter,2025-04-20,5
Aid_Tech,U.S. Security Cooperation with Israel,2025-04-25,Grand Mufti Al-Aqsa Declaration,2025-04-21 00:00:00.000000,4,Easter,2025-04-20,5
Aid_Tech,U.S. Security Cooperation with Israel,2025-04-25,Grand Mufti Al-Aqsa Declaration,2025-04-21 00:00:00.000000,4,Easter,2025-04-20,5
Aid_Tech,U.S. Security Cooperation with Israel,2025-04-25,Grand Mufti Al-Aqsa Declaration,2025-04-21 00:00:00.000000,4,Easter,2025-04-20,5
Aid_Tech,U.S. Security Cooperation with Israel,2025-04-25,Grand Mufti Al-Aqsa Declaration,2025-04-21 00:00:00.000000,4,Easter,2025-04-20,5
Aid_Tech,U.S. Security Cooperation with Israel,2025-04-25,Grand Mufti Al-Aqsa Declaration,2025-04-21 00:00:00.000000,4,Easter,2025-04-20,5
Aid_Tech,U.S. Foreign Aid to Israel,2025-05-12,Sanhedrin Convocation,2025-05-28 00:35:18.349250,16,Easter,2025-04-20,22
Aid_Tech,U.S. Foreign Aid to Israel,2025-05-12,Sanhedrin Convocation,2025-05-28 00:35:18.349250,16,Easter,2025-04-20,22
Aid_Tech,U.S. Foreign Aid to Israel,2025-05-12,Sanhedrin Convocation,2025-05-28 00:35:18.349250,16,Easter,2025-04-20,22
Aid_Tech,U.S. Foreign Aid to Israel,2025-05-12,Sanhedrin Convocation,2025-05-28 00:35:18.349250,16,Easter,2025-04-20,22
Aid_Tech,U.S. Foreign Aid to Israel,2025-05-12,Sanhedrin Convocation,2025-05-28 00:35:18.349250,16,Easter,2025-04-20,22
Aid_Tech,U.S. Foreign Aid to Israel,2025-05-12,Sanhedrin Convocation,2025-05-28 00:35:18.349250,16,Easter,2025-04-20,22
Aid_Tech,U.S. Foreign Aid to Israel,2025-05-12,Sanhedrin Convocation,2025-05-28 00:35:18.349250,16,Easter,2025-04-20,22
Aid_Tech,U.S. Foreign Aid to Israel,2025-05-12,Sanhedrin Convocation,2025-05-28 00:35:18.349250,16,Easter,2025-04-20,22
Aid_Tech,U.S. Foreign Aid to Israel,2025-05-12,Sanhedrin Convocation,2025-05-28 00:35:18.349250,16,Easter,2025-04-20,22
Aid_Tech,U.S. Foreign Aid to Israel: Overview and Developments ...,2025-05-28,Sanhedrin Convocation,2025-05-28 00:35:18.349250,0,Easter,2025-04-20,38
Aid_Tech,U.S. Foreign Aid to Israel: Overview and Developments ...,2025-05-28,Sanhedrin Convocation,2025-05-28 00:35:18.349250,0,Easter,2025-04-20,38
Aid_Tech,U.S. Foreign Aid to Israel: Overview and Developments ...,2025-05-28,Sanhedrin Convocation,2025-05-28 00:35:18.349250,0,Easter,2025-04-20,38
Aid_Tech,U.S. Foreign Aid to Israel: Overview and Developments ...,2025-05-28,Sanhedrin Convocation,2025-05-28 00:35:18.349250,0,Easter,2025-04-20,38
Aid_Tech,U.S. Foreign Aid to Israel: Overview and Developments ...,2025-05-28,Sanhedrin Convocation,2025-05-28 00:35:18.349250,0,Easter,2025-04-20,38
Aid_Tech,U.S. Foreign Aid to Israel: Overview and Developments ...,2025-05-28,Sanhedrin Convocation,2025-05-28 00:35:18.349250,0,Easter,2025-04-20,38
Aid_Tech,U.S. Foreign Aid to Israel: Overview and Developments ...,2025-05-28,Sanhedrin Convocation,2025-05-28 00:35:18.349250,0,Easter,2025-04-20,38
Aid_Tech,U.S. Foreign Aid to Israel: Overview and Developments ...,2025-05-28,Sanhedrin Convocation,2025-05-28 00:35:18.349250,0,Easter,2025-04-20,38
Aid_Tech,U.S. Foreign Aid to Israel: Overview and Developments ...,2025-05-28,Sanhedrin Convocation,2025-05-28 00:35:18.349250,0,Easter,2025-04-20,38
Aid_Tech,U.S. Foreign Aid to Israel: Overview and Developments ...,2025-05-28,Sanhedrin Convocation,2025-05-28 00:35:18.349250,0,Easter,2025-04-20,38
Aid_Tech,U.S. Foreign Aid to Israel: Overview and Developments ...,2025-05-28,Sanhedrin Convocation,2025-05-28 00:35:18.349250,0,Easter,2025-04-20,38
Aid_Tech,U.S. Foreign Aid to Israel: Overview and Developments ...,2025-05-28,Sanhedrin Convocation,2025-05-28 00:35:18.349250,0,Easter,2025-04-20,38
Aid_Tech,U.S. Foreign Aid to Israel: Overview and Developments ...,2025-05-28,Sanhedrin Convocation,2025-05-28 00:35:18.349250,0,Easter,2025-04-20,38
Aid_Tech,U.S. Foreign Aid to Israel: Overview and Developments ...,2025-05-28,Sanhedrin Convocation,2025-05-28 00:35:18.349250,0,Easter,2025-04-20,38
Aid_Tech,U.S. Foreign Aid to Israel: Overview and Developments ...,2025-05-28,Sanhedrin Convocation,2025-05-28 00:35:18.349250,0,Easter,2025-04-20,38
Aid_Tech,U.S. Foreign Aid to Israel: Overview and Developments ...,2025-05-28,Sanhedrin Convocation,2025-05-28 00:35:18.349250,0,Easter,2025-04-20,38
Aid_Tech,U.S. Foreign Aid to Israel: Overview and Developments ...,2025-05-28,Sanhedrin Convocation,2025-05-28 00:35:18.349250,0,Easter,2025-04-20,38
Aid_Tech,U.S. Foreign Aid to Israel: Overview and Developments ...,2025-05-28,Sanhedrin Convocation,2025-05-28 00:35:18.349250,0,Easter,2025-04-20,38
Aid_Tech,U.S. Foreign Aid to Israel: Overview and Developments ...,2025-05-28,Sanhedrin Convocation,2025-05-28 00:35:18.349250,0,Easter,2025-04-20,38
Aid_Tech,U.S. Foreign Aid to Israel: Overview and Developments ...,2025-05-28,Sanhedrin Convocation,2025-05-28 00:35:18.349250,0,Easter,2025-04-20,38
Aid_Tech,U.S. Foreign Aid to Israel: Overview and Developments ...,2025-05-28,Sanhedrin Convocation,2025-05-28 00:35:18.349250,0,Easter,2025-04-20,38
Aid_Tech,U.S. Foreign Aid to Israel: Overview and Developments ...,2025-05-28,Sanhedrin Convocation,2025-05-28 00:35:18.349250,0,Easter,2025-04-20,38
Aid_Tech,U.S. Foreign Aid to Israel: Overview and Developments ...,2025-05-28,Sanhedrin Convocation,2025-05-28 00:35:18.349250,0,Easter,2025-04-20,38
Aid_Tech,U.S. Foreign Aid to Israel: Overview and Developments ...,2025-05-28,Sanhedrin Convocation,2025-05-28 00:35:18.349250,0,Easter,2025-04-20,38
Aid_Tech,U.S. Foreign Aid to Israel: Overview and Developments ...,2025-05-28,Sanhedrin Convocation,2025-05-28 00:35:18.349250,0,Easter,2025-04-20,38
Aid_Tech,U.S. Foreign Aid to Israel: Overview and Developments ...,2025-05-28,Sanhedrin Convocation,2025-05-28 00:35:18.349250,0,Easter,2025-04-20,38
Aid_Tech,U.S. Foreign Aid to Israel: Overview and Developments ...,2025-05-28,Sanhedrin Convocation,2025-05-28 00:35:18.349250,0,Easter,2025-04-20,38
Aid_Tech,U.S. Foreign Aid to Israel: Overview and Developments ...,2025-05-28,Sanhedrin Convocation,2025-05-28 00:35:18.349250,0,Easter,2025-04-20,38
Aid_Tech,U.S. Foreign Aid to Israel: Overview and Developments ...,2025-05-28,Sanhedrin Convocation,2025-05-28 00:35:18.349250,0,Easter,2025-04-20,38
Aid_Tech,Bilateral relations | Ministry of Foreign Affairs,2025-07-24,Grand Mufti Al-Aqsa Declaration,2025-08-06 00:00:00.000000,13,Easter,2025-04-20,95
Aid_Tech,Bilateral relations | Ministry of Foreign Affairs,2025-07-24,Grand Mufti Al-Aqsa Declaration,2025-08-06 00:00:00.000000,13,Easter,2025-04-20,95
Aid_Tech,"U.S. Military Aid and Arms Transfers to Israel, October 2023",2025-10-07,Sanhedrin Convocation,2025-09-25 00:35:18.349040,11,Halloween,2025-10-31,24
Aid_Tech,Israel seeks 20-year military aid deal with U.S.,2025-11-13,Papal Extraordinary Consistory,2025-11-18 00:00:00.000000,5,Halloween,2025-10-31,13
Aid_Tech,Israel seeks 20-year military aid deal with U.S.,2025-11-13,Papal Extraordinary Consistory,2025-11-18 00:00:00.000000,5,Halloween,2025-10-31,13
Aid_Tech,Doubling Down on US Aid to Israel with a 20 Year MOU ...,2025-11-17,Papal Extraordinary Consistory,2025-11-18 00:00:00.000000,1,Halloween,2025-10-31,17
Aid_Tech,Doubling Down on US Aid to Israel with a 20 Year MOU ...,2025-11-17,Papal Extraordinary Consistory,2025-11-18 00:00:00.000000,1,Halloween,2025-10-31,17
Aid_Tech,Doubling Down on US Aid to Israel with a 20 Year MOU ...,2025-11-17,Papal Extraordinary Consistory,2025-11-18 00:00:00.000000,1,Halloween,2025-10-31,17
Aid_Tech,Doubling Down on US Aid to Israel with a 20 Year MOU ...,2025-11-17,Papal Extraordinary Consistory,2025-11-18 00:00:00.000000,1,Halloween,2025-10-31,17
Aid_Tech,What Every American Should Know About U.S. Aid to Israel,2025-11-24,Evangelical Temple Delegation,2025-11-27 00:00:00.000000,3,Halloween,2025-10-31,24
Aid_Tech,A 20-Year MOU With Israel Is Not in the US Interest,2025-11-25,Evangelical Temple Delegation,2025-11-27 00:00:00.000000,2,Halloween,2025-10-31,25
Aid_Tech,A 20-Year MOU With Israel Is Not in the US Interest,2025-11-25,Evangelical Temple Delegation,2025-11-27 00:00:00.000000,2,Halloween,2025-10-31,25
Aid_Tech,A 20-Year MOU With Israel Is Not in the US Interest,2025-11-25,Evangelical Temple Delegation,2025-11-27 00:00:00.000000,2,Halloween,2025-10-31,25
Aid_Tech,A 20-Year MOU With Israel Is Not in the US Interest,2025-11-25,Evangelical Temple Delegation,2025-11-27 00:00:00.000000,2,Halloween,2025-10-31,25
Aid_Tech,A 20-Year MOU With Israel Is Not in the US Interest,2025-11-25,Evangelical Temple Delegation,2025-11-27 00:00:00.000000,2,Halloween,2025-10-31,25
Aid_Tech,A 20-Year MOU With Israel Is Not in the US Interest,2025-11-25,Evangelical Temple Delegation,2025-11-27 00:00:00.000000,2,Halloween,2025-10-31,25
Aid_Tech,A 20-Year MOU With Israel Is Not in the US Interest,2025-11-25,Evangelical Temple Delegation,2025-11-27 00:00:00.000000,2,Halloween,2025-10-31,25
AI_Policy,New Executive Order to Establish a National AI Policy ...,2025-12-11,Evangelical Temple Delegation,2025-12-10 00:35:18.349925,0,Christmas,2025-12-25,14
AI_Policy,AI companions meet the law: New York and California ...,2025-12-11,Evangelical Temple Delegation,2025-12-10 00:35:18.349925,0,Christmas,2025-12-25,14
AI_Policy,New York Politics & Policy,2025-11-22,Papal Extraordinary Consistory,2025-11-18 00:00:00.000000,4,Halloween,2025-10-31,22
AI_Policy,Business and Financial News,2025-12-19,Temple Mount Foundation Stone Laying,2025-12-18 00:35:18.348927,0,Christmas,2025-12-25,6
AI_Policy,News,2025-12-17,Papal Extraordinary Consistory,2025-12-17 00:35:18.349700,0,Christmas,2025-12-25,8
AI_Policy,California AG Announces $1.4 Million Settlement with ...,2025-11-21,Papal Extraordinary Consistory,2025-11-18 00:00:00.000000,3,Halloween,2025-10-31,21
AI_Policy,Removing Barriers to American Leadership in AI (EO 14179),2025-01-23,Sanhedrin Convocation,2024-12-29 00:00:00.000000,25,Christmas,2024-12-25,29
AI_Policy,Ensuring a National Policy Framework for Artificial Intelligence,2025-12-11,Evangelical Temple Delegation,2025-12-10 00:35:18.349925,0,Christmas,2025-12-25,14
Tech_Events,The comprehensive deal offers government agencies a 75% discount on Oracle's License-based technolog,2025-07-07,Red Heifer Ceremony,2025-07-01 00:00:00.000000,6,Easter,2025-04-20,78
Tech_Events,Oracle Cloud services available on existing federal contracts. Federal agencies can purchase Oracle ,2025-07-07,Red Heifer Ceremony,2025-07-01 00:00:00.000000,6,Easter,2025-04-20,78
Tech_Events,STRATUS program enables federal agencies to implement Oracle's high-performance cloud infrastructure,2025-04-15,Grand Mufti Al-Aqsa Declaration,2025-04-21 00:00:00.000000,6,Easter,2025-04-20,5
Tech_Events,"Oracle has offered government agencies a 75 percent discount on its software, databases, and analyti",2025-07-07,Red Heifer Ceremony,2025-07-01 00:00:00.000000,6,Easter,2025-04-20,78
Tech_Events,The General Services Administration and Oracle unveiled a new agreement within the larger OneGov ini,2025-07-07,Red Heifer Ceremony,2025-07-01 00:00:00.000000,6,Easter,2025-04-20,78
Tech_Events,"MHEC has awarded a contract to Oracle America, Inc. under the Next Generation Higher Education ERP S",2025-02-05,Papal Extraordinary Consistory,2025-03-07 00:00:00.000000,30,St. Patrick's Day,2025-03-17,40
Tech_Events,Oracle Cloud Infrastructure provides government service providers or government contractors with sec,2021-10-12,Sanhedrin Convocation,2024-09-17 00:00:00.000000,1071,Halloween,2021-10-31,19
Tech_Events,Oracle (NYSE:ORCL) Secures Major U.S. Government Contracts Expanding Cloud Capabilities ... Oracle s,2025-04-15,Grand Mufti Al-Aqsa Declaration,2025-04-21 00:00:00.000000,6,Easter,2025-04-20,5
Tech_Events,The agreement will provide federal agencies with a 75% discount on Oracle's license-based Oracle Tec,2025-07-08,Red Heifer Ceremony,2025-07-01 00:00:00.000000,7,Easter,2025-04-20,79
Tech_Events,Oracle is cutting the cost of its database software and cloud-computing service for the federal gove,2025-07-06,Red Heifer Ceremony,2025-07-01 00:00:00.000000,5,Easter,2025-04-20,77
Tech_Events,"Oracle Revenue +50x to $948MM Over Two Years. Oracle AI Infrastructure Revenue – F2022-F2024, per Or",2025-05-30,Sanhedrin Convocation,2025-05-28 00:35:18.349250,1,Easter,2025-04-20,40
Tech_Events,... Oracle founder Larry Ellison and Musk among those who were the hardest hit.” Remember they finan,2025-03-24,Papal Extraordinary Consistory,2025-03-07 00:00:00.000000,17,St. Patrick's Day,2025-03-17,7
Tech_Events,The terms governing the U.S. Government's use of Oracle cloud services are defined by the applicable,2024-08-12,Sanhedrin Convocation,2024-09-17 00:00:00.000000,36,Halloween,2024-10-31,80
Tech_Events,"... Oracle announced a $6.5 billion investment to launch Malaysia's first public cloud region, suppo",2025-05-15,Sanhedrin Convocation,2025-05-28 00:35:18.349250,13,Easter,2025-04-20,25
Tech_Events,"... Oracle Health (formerly Cerner),. Meditech, and TruBridge (formerly CPSI)—dominating the market,",2025-04-18,Grand Mufti Al-Aqsa Declaration,2025-04-21 00:00:00.000000,3,Easter,2025-04-20,2
Tech_Events,... Oracle. • Many firms rely on sales to the public sector and are dependent on ... military/defens,2018-06-15,Temple Mount Foundation Stone Laying,2014-05-02 00:00:00.000000,1505,Easter,2018-04-01,75
Tech_Events,"Meanwhile, on May 16, 2023, VA finalized renegotiations on a modified contract with Oracle. Health G",2025-07-24,Grand Mufti Al-Aqsa Declaration,2025-08-06 00:00:00.000000,13,Easter,2025-04-20,95
Tech_Events,"As a result, the deal was less attractive financially for Blue Owl than its earlier projects.” Blue ",2025-09-15,Sanhedrin Convocation,2025-09-22 00:00:00.000000,7,Halloween,2025-10-31,46
Tech_Events,• Oracle. • OSIsoft. • Verizon. • NEST (Google). • PHILIPS. • QUIRKY. • JAWBONE ... 3-D Printing Mat,2016-05-12,Temple Mount Foundation Stone Laying,2014-05-02 00:00:00.000000,741,Easter,2016-03-27,46
Tech_Events,"In 2016, Oracle chairman Larry Ellison openly admitted to collecting the personal data of 5 billion ",2022-08-30,Sanhedrin Convocation,2024-09-17 00:00:00.000000,749,Halloween,2022-10-31,62
Tech_Events,The lawsuit alleges Oracle failed to implement reasonable and industry-standard data security practi,2025-08-14,Grand Mufti Al-Aqsa Declaration,2025-08-07 00:00:00.000000,7,Halloween,2025-10-31,78
Tech_Events,"Oracle Cloud breach exposed 6M records, impacting 140K+ tenants. Learn how to secure your data and r",2025-03-22,Papal Extraordinary Consistory,2025-03-07 00:00:00.000000,15,St. Patrick's Day,2025-03-17,5
Tech_Events,Member firms should be aware of an alleged large-scale data breach possibly affecting Oracle Cloud s,2025-04-01,Grand Mufti Al-Aqsa Declaration,2025-04-21 00:00:00.000000,20,St. Patrick's Day,2025-03-17,15
Tech_Events,"The Washington Post, one of America's most distinguished news organizations, has reported a data bre",2025-11-14,Papal Extraordinary Consistory,2025-11-18 00:00:00.000000,4,Halloween,2025-10-31,14
Tech_Events,Oracle has reportedly acknowledged a security incident involving unauthorized access to its cloud in,2025-04-01,Grand Mufti Al-Aqsa Declaration,2025-04-21 00:00:00.000000,20,St. Patrick's Day,2025-03-17,15
Tech_Events,Oracle agreed yesterday to pay $115 million to settle a lawsuit claiming the customer and employee c,2024-07-19,Sanhedrin Convocation,2024-09-17 00:00:00.000000,60,Halloween,2024-10-31,104
Tech_Events,"On March 21, 2025, a security research team identified a threat actor who claimed to possess million",2025-04-10,Grand Mufti Al-Aqsa Declaration,2025-04-21 00:00:00.000000,11,Easter,2025-04-20,10
Tech_Events,"On June 25, 2021, Oracle completed the acquisition of GloriaFood. The acquisition extends the Oracle",2022-10-15,Sanhedrin Convocation,2024-09-17 00:00:00.000000,703,Halloween,2022-10-31,16
Tech_Events,"This is a listing of Oracle Corporation's corporate acquisitions, including acquisitions of both com",2024-12-30,Sanhedrin Convocation,2024-12-29 00:00:00.000000,1,Christmas,2024-12-25,5
Tech_Events,Oracle GLAS' first step was to provide clarity into all existing. Oracle investments from both busin,2020-08-01,Sanhedrin Convocation,2024-09-17 00:00:00.000000,1508,Halloween,2020-10-31,91
Tech_Events,IBM acquired two Oracle consulting firms expanding Oracle Cloud Applications expertise in distributi,2025-02-02,Papal Extraordinary Consistory,2025-03-07 00:00:00.000000,33,Christmas,2024-12-25,39
Tech_Events,Oracle Corporation (NYSE: ORCL) and Cerner Corporation today jointly announced an agreement for Orac,2021-12-20,Sanhedrin Convocation,2024-09-17 00:00:00.000000,1002,Christmas,2021-12-25,5
Tech_Events,Oracle's stock price surged after disclosing a $30 billion cloud deal with the company in an SEC fil,2025-06-30,Red Heifer Ceremony,2025-07-01 00:00:00.000000,1,Easter,2025-04-20,71
Tech_Events,Software maker Oracle cleared the final regulatory hurdle for its pending $28.3 billion acquisition ,2022-06-07,Sanhedrin Convocation,2024-09-17 00:00:00.000000,833,Easter,2022-04-17,51
Tech_Events,Oracle Corp. is in discussions with Skydance Media LLC for a major software deal once the media comp,2025-07-21,Grand Mufti Al-Aqsa Declaration,2025-08-06 00:00:00.000000,16,Easter,2025-04-20,92
Tech_Events,The Securities and Exchange Commission announced settled charges requiring Oracle Corporation to pay,2022-09-27,Sanhedrin Convocation,2024-09-17 00:00:00.000000,721,Halloween,2022-10-31,34
Tech_Events,"... Settlement Class 14 Representatives”), and Defendant Oracle America, Inc. (collectively the “Par",2024-11-15,Papal Extraordinary Consistory,2024-12-06 00:00:00.000000,21,Halloween,2024-10-31,15
Tech_Events,"On September 27, 2022, the United States Securities and Exchange Commission (SEC) announced a settle",2022-10-13,Sanhedrin Convocation,2024-09-17 00:00:00.000000,705,Halloween,2022-10-31,18
Tech_Events,"Oracle America, Inc. has agreed to pay $115,000,000 to settle a class action lawsuit for allegedly c",2024-07-31,Sanhedrin Convocation,2024-09-17 00:00:00.000000,48,Halloween,2024-10-31,92
Tech_Events,"Oracle Corp. False Claims Act and related, 2011, DOJ_CIVIL, $199,500,000 ; Oracle America Inc. priva",2017-09-23,Temple Mount Foundation Stone Laying,2014-05-02 00:00:00.000000,1240,Halloween,2017-10-31,38
Tech_Events,"Under the Settlement Agreement, Oracle will pay $115 million to create a non- 16 reversionary cash S",2024-11-15,Papal Extraordinary Consistory,2024-12-06 00:00:00.000000,21,Halloween,2024-10-31,15
Tech_Events,"relationship to Oracle. In. August 2024, the Northern. District of California granted preliminary ap",2024-11-15,Papal Extraordinary Consistory,2024-12-06 00:00:00.000000,21,Halloween,2024-10-31,15
Tech_Events,"Oracle. In September 2022, Oracle Corporation agreed to pay more than$23 million to resolve civil ch",2023-01-13,Sanhedrin Convocation,2024-09-17 00:00:00.000000,613,Christmas,2022-12-25,19
Tech_Events,... 2021 and Oracle in 2022 – and both resulted in defense verdicts. The cases noted above as well a,2023-08-24,Sanhedrin Convocation,2024-09-17 00:00:00.000000,390,Halloween,2023-10-31,68
Tech_Events,"Rimini saga began in earnest in 2010 with a separate lawsuit (often referred to as Rimini I), in whi",2025-11-13,Papal Extraordinary Consistory,2025-11-18 00:00:00.000000,5,Halloween,2025-10-31,13
Tech_Events,Palantir has inked a contract with the U.S. Army worth up to $10 billion over the next decade. The a,2025-08-01,Grand Mufti Al-Aqsa Declaration,2025-08-06 00:00:00.000000,5,Halloween,2025-10-31,91
Tech_Events,Palantir's ability to cross-reference vast amounts of data makes it particularly powerful and potent,2025-06-04,Sanhedrin Convocation,2025-05-28 00:35:18.349250,6,Easter,2025-04-20,45
Tech_Events,"While Palantir has become a major government contractor in its own right, partnering with contractin",2025-08-01,Grand Mufti Al-Aqsa Declaration,2025-08-06 00:00:00.000000,5,Halloween,2025-10-31,91
Tech_Events,A Palantir Technologies (NYSE: PLTR) subsidiary has secured a $178.4 million contract from the US Ar,2024-03-07,Sanhedrin Convocation,2024-09-17 00:00:00.000000,194,St. Patrick's Day,2024-03-17,10
Tech_Events,WASHINGTON (31 July 2025) – The U.S. Army today awarded Palantir a new Enterprise Agreement that est,2025-07-31,Grand Mufti Al-Aqsa Declaration,2025-08-06 00:00:00.000000,6,Halloween,2025-10-31,92
Tech_Events,An official website of the United States Government ... List of Contracts. Results: Keyword: palanti,2025-09-05,Temple Mount Foundation Stone Laying,2025-08-26 00:35:18.348834,9,Halloween,2025-10-31,56
Tech_Events,The U.S. Army is consolidating 75 contracts into a single arrangement with Palantir Technologies wor,2025-08-05,Grand Mufti Al-Aqsa Declaration,2025-08-06 00:00:00.000000,1,Halloween,2025-10-31,87
Tech_Events,"Altogether, ICE has given Palantir contracts of at least $248.3 million, according to the data publi",2025-07-22,Grand Mufti Al-Aqsa Declaration,2025-08-06 00:00:00.000000,15,Easter,2025-04-20,93
Tech_Events,Immigration and Customs Enforcement records show Palantir recently received a $30 million contract t,2025-05-01,Grand Mufti Al-Aqsa Declaration,2025-04-21 00:00:00.000000,10,Easter,2025-04-20,11
Tech_Events,"Palantir's solutions are deployed across nearly every Army mission area, ensuring data is accessible",2022-12-09,Sanhedrin Convocation,2024-09-17 00:00:00.000000,648,Christmas,2022-12-25,16
Tech_Events,"Palantir was awarded a $480 million deal by the Army for its Maven Smart System prototype, the Penta",2024-05-29,Sanhedrin Convocation,2024-09-17 00:00:00.000000,111,Easter,2024-03-31,59
Tech_Events,The Army collapsed 75 data and software contracts into one deal potentially worth $10 billion—a deal,2025-08-01,Grand Mufti Al-Aqsa Declaration,2025-08-06 00:00:00.000000,5,Halloween,2025-10-31,91
Tech_Events,The US Army has awarded Palantir a $400.7 million contract to continue providing its artificial inte,2024-12-18,Sanhedrin Convocation,2024-12-24 00:35:18.349269,6,Christmas,2024-12-25,7
Tech_Events,Army consolidates dozens of Palantir software contracts into one deal worth up to $10 billion. An Ar,2025-08-01,Grand Mufti Al-Aqsa Declaration,2025-08-06 00:00:00.000000,5,Halloween,2025-10-31,91
Tech_Events,The U.S. Navy and AI software and data giant Palantir are now intertwined in a nearly half-billion-d,2025-12-10,Evangelical Temple Delegation,2025-12-10 00:35:18.349925,0,Christmas,2025-12-25,15
Tech_Events,"In May 2024, the Army awarded the Palantir Technologies subsidiary a five-year, $480 million contrac",2025-05-22,Sanhedrin Convocation,2025-05-28 00:35:18.349250,6,Easter,2025-04-20,32
Tech_Events,"The Trump administration has expanded Palantir's work with the government, spreading the company's t",2025-05-30,Sanhedrin Convocation,2025-05-28 00:35:18.349250,1,Easter,2025-04-20,40
Tech_Events,Thirteen former employees of influential data-mining firm Palantir are condemning the company's work,2025-05-05,Grand Mufti Al-Aqsa Declaration,2025-04-21 00:00:00.000000,14,Easter,2025-04-20,15
Tech_Events,"Palantir's response to specific allegations, assumptions, and statements made in a New York Times ar",2025-06-09,Grand Mufti Al-Aqsa Declaration,2025-06-18 00:00:00.000000,9,Easter,2025-04-20,50
Tech_Events,"US tech firm Palantir, known for supplying controversial data-sifting software to government agencie",2020-09-30,Sanhedrin Convocation,2024-09-17 00:00:00.000000,1448,Halloween,2020-10-31,31
Tech_Events,"The Privacy Concerns of Palantir, Police Departments & the Judicial Process · J.R.R. Tolkien, The Tw",2021-10-15,Sanhedrin Convocation,2024-09-17 00:00:00.000000,1068,Halloween,2021-10-31,16
Tech_Events,A bicameral group of Democrats is pressing Palantir on reported efforts to build a mega-database on ,2025-06-20,Grand Mufti Al-Aqsa Declaration,2025-06-18 00:00:00.000000,2,Easter,2025-04-20,61
Tech_Events,"The FALCON database, developed by Palantir, also includes sensitive data such as social security num",2020-01-31,Sanhedrin Convocation,2024-09-17 00:00:00.000000,1691,Christmas,2019-12-25,37
Tech_Events,Palantir alleges that one of the two employees sent those sensitive files from her company Slack wor,2025-10-31,Temple Mount Foundation Stone Laying,2025-11-05 00:00:00.000000,5,Halloween,2025-10-31,0
Tech_Events,Palantir's systems pull data from across government databases—regardless of the veracity or accuracy,2025-08-21,Temple Mount Foundation Stone Laying,2025-08-26 00:35:18.348834,5,Halloween,2025-10-31,71
Tech_Events,Palantir's surprise AI contract with Boeing tilts the balance. Palantir Technologies just landed a m,2025-09-24,Sanhedrin Convocation,2025-09-25 00:35:18.349040,1,Halloween,2025-10-31,37
Tech_Events,"Palantir has made a total of 6 acquisitions. The peak acquisition years were 2016 and 2014, with 2 a",2025-09-06,Temple Mount Foundation Stone Laying,2025-08-26 00:35:18.348834,10,Halloween,2025-10-31,55
Tech_Events,It may seem strange that Palantir (PLTR) chose Lumen (LUMN) as a partner. Lumen isn't a well-known b,2025-10-26,Temple Mount Foundation Stone Laying,2025-10-25 00:35:18.348915,0,Halloween,2025-10-31,5
Tech_Events,"It has allocated over $60 million to SPAC deals. Overall, Palantir has allocated at least $300 milli",2021-09-27,Sanhedrin Convocation,2024-09-17 00:00:00.000000,1086,Halloween,2021-10-31,34
Tech_Events,"""This partnership combines Palantir's and Exiger's world-class technologies to integrate production ",2025-11-20,Papal Extraordinary Consistory,2025-11-18 00:00:00.000000,2,Halloween,2025-10-31,20
Tech_Events,Lumen Technologies and Palantir Technologies have announced a multi-year partnership valued at over ,2025-10-24,Temple Mount Foundation Stone Laying,2025-10-25 00:35:18.348915,1,Halloween,2025-10-31,7
Tech_Events,Palantir and Anduril announced a new partnership Friday aimed at combining some of their respective ,2024-12-06,Papal Extraordinary Consistory,2024-12-06 00:00:00.000000,0,Christmas,2024-12-25,19
Tech_Events,The Nuclear Company announced a major deal with surveillance giant Palantir to build a software plat,2025-07-02,Red Heifer Ceremony,2025-07-01 00:00:00.000000,1,Easter,2025-04-20,73
Tech_Events,Palantir Technologies (NASDAQ:PLTR) has secured a major deal from the U.S. Army worth up to $10B ove,2025-08-01,Grand Mufti Al-Aqsa Declaration,2025-08-06 00:00:00.000000,5,Halloween,2025-10-31,91
Tech_Events,Palantir Technologies Inc. has escaped a proposed class action accusing it of deceiving investors ab,2025-04-07,Grand Mufti Al-Aqsa Declaration,2025-04-21 00:00:00.000000,14,Easter,2025-04-20,13
Tech_Events,"... Palantir Technologies (PLTR.O) , opens new tab, and Reed Hastings, the co ... Italy antitrust re",2025-11-21,Papal Extraordinary Consistory,2025-11-18 00:00:00.000000,3,Halloween,2025-10-31,21
Tech_Events,"Palantir Technologies Inc. Condensed Consolidated Balance Sheets. (in thousands, except per share am",2025-05-05,Grand Mufti Al-Aqsa Declaration,2025-04-21 00:00:00.000000,14,Easter,2025-04-20,15
Tech_Events,"The total value of such commercial contracts was $754.9 million as of March 31, 2022, which is inclu",2022-02-24,Sanhedrin Convocation,2024-09-17 00:00:00.000000,936,St. Patrick's Day,2022-03-17,21
Tech_Events,"... Palantir Technologies co-founder, and Reed Hastings, co-founder of Netflix ... Boeing's current ",2025-07-16,Red Heifer Ceremony,2025-07-01 00:00:00.000000,15,Easter,2025-04-20,87
Tech_Events,"Palantir Techs., Inc., 203 A.3d 738, 759 n.97. (Del. 2019), citing Jill E ... at **6–7 (noting settl",2021-11-24,Sanhedrin Convocation,2024-09-17 00:00:00.000000,1028,Halloween,2021-10-31,24
Tech_Events,It previously hit the tech giant with a €4.2 billion fine in 2018 for anticompetitive behavior in th,2025-09-08,Temple Mount Foundation Stone Laying,2025-08-26 00:35:18.348834,12,Halloween,2025-10-31,53
Tech_Events,"Palantir Technologies Inc., et al., Case No. 1:22-cv-02893, respectively, naming the Company and cer",2024-11-04,Papal Extraordinary Consistory,2024-10-07 00:00:00.000000,28,Halloween,2024-10-31,4
Tech_Events,Google Public Sector has been awarded a $200 million-ceiling contract to support the US Department o,2025-07-14,Red Heifer Ceremony,2025-07-01 00:00:00.000000,13,Easter,2025-04-20,85
Tech_Events,"GSA, Google Announce Transformative 'Gemini for Government' OneGov Agreement. Latest OneGov deal del",2025-08-21,Temple Mount Foundation Stone Laying,2025-08-26 00:35:18.348834,5,Halloween,2025-10-31,71
Tech_Events,The five-year contract for Google's Workspace software suite has a ceiling of $89 million.,2025-10-29,Temple Mount Foundation Stone Laying,2025-10-25 00:35:18.348915,3,Halloween,2025-10-31,2
Tech_Events,View a summary page of this 2024 CONTRACT to GOOGLE LLC from the Department of Agriculture.,2025-07-31,Grand Mufti Al-Aqsa Declaration,2025-08-06 00:00:00.000000,6,Halloween,2025-10-31,92
Tech_Events,"[London, UK] – [September 12th] – Google Cloud today announced it has been awarded a £400M contract ",2025-09-11,Sanhedrin Convocation,2025-09-22 00:00:00.000000,11,Halloween,2025-10-31,50
Tech_Events,"OpenAI, Alphabet's Google , Anthropic and Elon Musk's AI firm xAI have won contracts of up to $200 m",2025-07-14,Red Heifer Ceremony,2025-07-01 00:00:00.000000,13,Easter,2025-04-20,85
Tech_Events,Agencies across the federal government will now be able to buy certain artificial intelligence produ,2025-08-05,Grand Mufti Al-Aqsa Declaration,2025-08-06 00:00:00.000000,1,Halloween,2025-10-31,87
Tech_Events,Google will offer Workspace to every federal agency at a temporary price reduction of 71% off of the,2025-04-10,Grand Mufti Al-Aqsa Declaration,2025-04-21 00:00:00.000000,11,Easter,2025-04-20,10
Tech_Events,Project Nimbus is a controversial $1.2 billion cloud computing and AI agreement between the Israeli ,2024-04-12,Sanhedrin Convocation,2024-09-17 00:00:00.000000,158,Easter,2024-03-31,12
Tech_Events,Google Public Sector helps government agencies and educational institutions improve services for eve,2025-12-10,Evangelical Temple Delegation,2025-12-10 00:35:18.349925,0,Christmas,2025-12-25,15
Tech_Events,The War Department announced the launch of Google Cloud's Gemini for Government as the first of seve,2025-12-09,Evangelical Temple Delegation,2025-12-10 00:35:18.349925,1,Christmas,2025-12-25,16
Tech_Events,"Google has discarded its self-imposed ban on using AI in weapons, a step that simultaneously drew pr",2025-02-06,Papal Extraordinary Consistory,2025-03-07 00:00:00.000000,29,St. Patrick's Day,2025-03-17,39
Tech_Events,Google has won a contract valued up to $200 million with the US Department of Defense's (DoD) Chief ,2025-07-15,Red Heifer Ceremony,2025-07-01 00:00:00.000000,14,Easter,2025-04-20,86
Tech_Events,"Pentagon rolls out GenAI platform to all personnel, using Google's Gemini. Other “frontier AI capabi",2025-12-09,Evangelical Temple Delegation,2025-12-10 00:35:18.349925,1,Christmas,2025-12-25,16
Tech_Events,Google Gemini to support 3 million US defense staff as Pentagon launches GenAI.mil ... The US defens,2025-12-10,Evangelical Temple Delegation,2025-12-10 00:35:18.349925,0,Christmas,2025-12-25,15
Tech_Events,"The Pentagon launched GenAI.mil, a military AI platform powered by Google Gemini, giving over 3 mill",2025-12-09,Evangelical Temple Delegation,2025-12-10 00:35:18.349925,1,Christmas,2025-12-25,16
Tech_Events,The U.S. Department of Defense on Monday said it's granting contract awards of up to $200 million fo,2025-07-14,Red Heifer Ceremony,2025-07-01 00:00:00.000000,13,Easter,2025-04-20,85
Tech_Events,"Google provides cloud computing services to the Israeli Ministry of Defense, and the tech giant has ",2024-04-12,Sanhedrin Convocation,2024-09-17 00:00:00.000000,158,Easter,2024-03-31,12
Tech_Events,Attorney General Ken Paxton announced that Google has signed the historic $1.375 billion settlement ,2025-10-31,Temple Mount Foundation Stone Laying,2025-11-05 00:00:00.000000,5,Halloween,2025-10-31,0
Tech_Events,The ruling in the Google antitrust trial has led to a host of hard-to-answer questions about the fut,2025-09-19,Sanhedrin Convocation,2025-09-22 00:00:00.000000,3,Halloween,2025-10-31,42
Tech_Events,"In the closely watched class action Rodriguez et al. v. Google LLC, a federal jury in the Northern D",2025-09-05,Temple Mount Foundation Stone Laying,2025-08-26 00:35:18.348834,9,Halloween,2025-10-31,56
Tech_Events,California Attorney General Rob Bonta today announced a $93 million settlement with Google resolving,2023-09-14,Sanhedrin Convocation,2024-09-17 00:00:00.000000,369,Halloween,2023-10-31,47
Tech_Events,"[San Francisco, CA] – A federal jury yesterday awarded a $425651947 verdict to multiple classes of a",2025-09-04,Temple Mount Foundation Stone Laying,2025-08-26 00:35:18.348834,8,Halloween,2025-10-31,57
Tech_Events,Mark MacCarthy discusses the privacy considerations of the Justice Department's proposed data access,2025-06-12,Grand Mufti Al-Aqsa Declaration,2025-06-18 00:00:00.000000,6,Easter,2025-04-20,53
Tech_Events,"Background information. Date of decision: September 1st, 2025; National case; Controller: GOOGLE IRE",2025-09-04,Temple Mount Foundation Stone Laying,2025-08-26 00:35:18.348834,8,Halloween,2025-10-31,57
Tech_Events,"In 2025, Google faced two major crises: a large-scale security incident and a federal jury verdict h",2025-09-18,Sanhedrin Convocation,2025-09-22 00:00:00.000000,4,Halloween,2025-10-31,43
Tech_Events,"The court found that Google possessed monopoly power in both the ""general search"" and ""general searc",2025-04-15,Grand Mufti Al-Aqsa Declaration,2025-04-21 00:00:00.000000,6,Easter,2025-04-20,5
Tech_Events,"Google's parent company announced December 22, 2025, a definitive agreement to acquire Intersect for",2025-12-22,Papal Extraordinary Consistory,2025-12-23 00:35:18.349443,1,Christmas,2025-12-25,3
Tech_Events,Google signed a definitive agreement to acquire Wiz. This deal will make it easier for companies to ,2025-03-18,Papal Extraordinary Consistory,2025-03-07 00:00:00.000000,11,St. Patrick's Day,2025-03-17,1
Tech_Events,"Of Google's current holdings, the largest acquisition deal was Nest for $3.2 billion. Here are Googl",2021-08-26,Sanhedrin Convocation,2024-09-17 00:00:00.000000,1118,Halloween,2021-10-31,66
Tech_Events,Google's $33B acquisition of cloud security firm Wiz is its largest acquisition to date. See the res,2025-03-20,Papal Extraordinary Consistory,2025-03-07 00:00:00.000000,13,St. Patrick's Day,2025-03-17,3
Tech_Events,"Today, the Justice Department's Antitrust Division won significant remedies in its monopolization ca",2025-09-02,Temple Mount Foundation Stone Laying,2025-08-26 00:35:18.348834,6,Halloween,2025-10-31,59
Tech_Events,The European Commission has fined Google €2.95 billion for breaching EU antitrust rules by distortin,2025-09-04,Temple Mount Foundation Stone Laying,2025-08-26 00:35:18.348834,8,Halloween,2025-10-31,57
Tech_Events,The settlement money will automatically be deposited into customers' PayPal or Venmo accounts using ,2025-12-10,Evangelical Temple Delegation,2025-12-10 00:35:18.349925,0,Christmas,2025-12-25,15
Tech_Events,Google will pay $700 million to resolve an antitrust lawsuit involving the Google Play store. The la,2023-12-19,Sanhedrin Convocation,2024-09-17 00:00:00.000000,273,Christmas,2023-12-25,6
Tech_Events,United States v. Google LLC is a federal antitrust case brought by the United States Department of J,2023-10-04,Sanhedrin Convocation,2024-09-17 00:00:00.000000,349,Halloween,2023-10-31,27
Tech_Events,Google and Epic Games are proposing to settle a 2020 antitrust lawsuit filed by the video game maker,2025-11-05,Temple Mount Foundation Stone Laying,2025-11-05 00:00:00.000000,0,Halloween,2025-10-31,5
Tech_Events,"In April 2017, Google reached a settlement with Russia's Federal Antimonopoly Service for $7.8 milli",2020-01-22,Sanhedrin Convocation,2024-09-17 00:00:00.000000,1700,Christmas,2019-12-25,28
Tech_Events,"If you bought Google Display Ads since May 2016, you could be owed money. Find out how to take actio",2025-04-18,Grand Mufti Al-Aqsa Declaration,2025-04-21 00:00:00.000000,3,Easter,2025-04-20,2
Tech_Events,"GSA secures landmark agreement with Microsoft to enhance federal IT acquisition · Establish, improve",2025-01-15,Sanhedrin Convocation,2024-12-29 00:00:00.000000,17,Christmas,2024-12-25,21
Tech_Events,Microsoft Federal Contract Vehicles. Meet modern mission needs with the latest insights and examples,2024-08-15,Sanhedrin Convocation,2024-09-17 00:00:00.000000,33,Halloween,2024-10-31,77
Tech_Events,Microsoft has won a $10 billion US Government contract to provide the military with cloud services v,2019-10-30,Sanhedrin Convocation,2024-09-17 00:00:00.000000,1784,Halloween,2019-10-31,1
Tech_Events,View a summary page of this 2022 CONTRACT to MICROSOFT CORPORATION from the Department of Defense.,2022-09-26,Sanhedrin Convocation,2024-09-17 00:00:00.000000,722,Halloween,2022-10-31,35
Tech_Events,The recent announcement by the US Department of Defense (DoD) selecting Microsoft among the cloud se,2022-12-08,Sanhedrin Convocation,2024-09-17 00:00:00.000000,649,Christmas,2022-12-25,17
Tech_Events,"Multi-Billion Dollar GSA OneGov Agreement with Microsoft Brings Steep Discounts for Microsoft 365, C",2025-09-02,Temple Mount Foundation Stone Laying,2025-08-26 00:35:18.348834,6,Halloween,2025-10-31,59
Tech_Events,Microsoft has agreed to give the U.S. General Services Administration $3.1 billion in potential savi,2025-09-02,Temple Mount Foundation Stone Laying,2025-08-26 00:35:18.348834,6,Halloween,2025-10-31,59
Tech_Events,"Today, Microsoft and the US General Services Administration (GSA) announced a comprehensive agreemen",2025-09-02,Temple Mount Foundation Stone Laying,2025-08-26 00:35:18.348834,6,Halloween,2025-10-31,59
Tech_Events,This agreement follows various Microsoft challenges with cybersecurity in its work with the federal ,2025-01-17,Sanhedrin Convocation,2024-12-29 00:00:00.000000,19,Christmas,2024-12-25,23
Tech_Events,... Microsoft's proposal continues to represent the best value to the Government. The JEDI Cloud con,2020-09-04,Sanhedrin Convocation,2024-09-17 00:00:00.000000,1474,Halloween,2020-10-31,57
Tech_Events,This new agreement brings Microsoft and Anduril closer together to maximize their unique expertise i,2025-02-11,Papal Extraordinary Consistory,2025-03-07 00:00:00.000000,24,St. Patrick's Day,2025-03-17,34
Tech_Events,"During the Gaza offensive, Microsoft engineers provided support to IDF intelligence units such as Un",2025-01-23,Sanhedrin Convocation,2024-12-29 00:00:00.000000,25,Christmas,2024-12-25,29
Tech_Events,I want to let you know that Microsoft has ceased and disabled a set of services to a unit within the,2025-09-25,Sanhedrin Convocation,2025-09-25 00:35:18.349040,0,Halloween,2025-10-31,36
Tech_Events,"Microsoft will deliver to the U.S. Army more than 120,000 devices based on its HoloLens augmented re",2021-03-31,Sanhedrin Convocation,2024-09-17 00:00:00.000000,1266,Easter,2021-04-04,4
Tech_Events,While the RFI doesn't guarantee the service will recompete its current 10-year production contract w,2025-01-22,Sanhedrin Convocation,2024-12-29 00:00:00.000000,24,Christmas,2024-12-25,28
Tech_Events,Microsoft has secured a firm-fixed-price contract valued at $69.5 million from the US Army for the J,2024-12-27,Sanhedrin Convocation,2024-12-29 00:00:00.000000,2,Christmas,2024-12-25,2
Tech_Events,"The contract could be worth up to $21.88 billion over 10 years, a Microsoft spokesman told Reuters. ",2021-04-01,Sanhedrin Convocation,2024-09-17 00:00:00.000000,1265,Easter,2021-04-04,3
Tech_Events,We have found no evidence to date that Microsoft's Azure and AI technologies have been used to targe,2025-05-15,Sanhedrin Convocation,2025-05-28 00:35:18.349250,13,Easter,2025-04-20,25
Tech_Events,Microsoft has terminated the Israeli military's access to technology it used to operate a powerful s,2025-09-25,Sanhedrin Convocation,2025-09-25 00:35:18.349040,0,Halloween,2025-10-31,36
Tech_Events,Microsoft will pay $20 million to settle Federal Trade Commission charges that it violated the Child,2023-06-05,Sanhedrin Convocation,2024-09-17 00:00:00.000000,470,Easter,2023-04-09,57
Tech_Events,This misconfiguration resulted in the potential for unauthenticated access to some business transact,2022-10-19,Sanhedrin Convocation,2024-09-17 00:00:00.000000,699,Halloween,2022-10-31,12
Tech_Events,The United States has resolved a case against Microsoft Corp. regarding its practices for collecting,2023-06-12,Sanhedrin Convocation,2024-09-17 00:00:00.000000,463,Easter,2023-04-09,64
Tech_Events,"Microsoft's AI research team, while publishing a bucket of open-source training data on GitHub, acci",2023-09-18,Sanhedrin Convocation,2024-09-17 00:00:00.000000,365,Halloween,2023-10-31,43
Tech_Events,"On July 19, 2025, Microsoft Security Response Center (MSRC) published a blog addressing active attac",2025-07-22,Grand Mufti Al-Aqsa Declaration,2025-08-06 00:00:00.000000,15,Easter,2025-04-20,93
Tech_Events,"On September 24, 2022 SOCRadar detected a misconfigured public bucket where Microsoft stored 2.4 TB ",2022-10-26,Sanhedrin Convocation,2024-09-17 00:00:00.000000,692,Halloween,2022-10-31,5
Tech_Events,"Microsoft will acquire Activision Blizzard for $95.00 per share, in an all-cash transaction valued a",2022-01-18,Sanhedrin Convocation,2024-09-17 00:00:00.000000,973,Christmas,2021-12-25,24
Tech_Events,"Microsoft acquired Nuance, a healthcare-focused cloud and AI software company, for $56 per share (a ",2023-10-23,Sanhedrin Convocation,2024-09-17 00:00:00.000000,330,Halloween,2023-10-31,8
Tech_Events,"A year and two days ago, on Oct. 13, 2023, Microsoft completed its acquisition of Activision Blizzar",2024-10-15,Papal Extraordinary Consistory,2024-10-07 00:00:00.000000,8,Halloween,2024-10-31,16
Tech_Events,"April 21, 2021: Microsoft's decision to acquire speech-recognition firm Nuance Communications for $1",2024-09-24,Sanhedrin Convocation,2024-09-17 00:00:00.000000,7,Halloween,2024-10-31,37
Tech_Events,"Explore every Microsoft acquisition since 1986, including strategic deals like GitHub, Skype, and Ac",2025-07-15,Red Heifer Ceremony,2025-07-01 00:00:00.000000,14,Easter,2025-04-20,86
Tech_Events,Microsoft's agreement to pay almost $69 billion for Activision Blizzard marks the highest price ever,2022-01-18,Sanhedrin Convocation,2024-09-17 00:00:00.000000,973,Christmas,2021-12-25,24
Tech_Events,"Microsoft's $69 Billion Acquisition of Activision is Unlawful · Has acquired around 25 studios, incl",2023-06-28,Sanhedrin Convocation,2024-09-17 00:00:00.000000,447,Easter,2023-04-09,80
Tech_Events,Microsoft Buys LinkedIn (2016) - $26 Billion. Even bigger than Facebook's purchase of WhatsApp is Mi,2021-05-30,Sanhedrin Convocation,2024-09-17 00:00:00.000000,1206,Easter,2021-04-04,56
Tech_Events,Microsoft acquired Activision Blizzard for $68.7 billion in 2024. The purchase brought major gaming ,2023-12-14,Sanhedrin Convocation,2024-09-17 00:00:00.000000,278,Christmas,2023-12-25,11
Tech_Events,The EU agreed to accept Microsoft's commitments on Teams and said they are are now legally binding u,2025-09-12,Sanhedrin Convocation,2025-09-22 00:00:00.000000,10,Halloween,2025-10-31,49
Tech_Events,Microsoft avoided a potentially hefty EU antitrust fine by promising reduced prices for Office produ,2025-09-12,Sanhedrin Convocation,2025-09-22 00:00:00.000000,10,Halloween,2025-10-31,49
Tech_Events,Microsoft and the European Union have reportedly reached a settlement in which the tech giant will a,2025-09-04,Temple Mount Foundation Stone Laying,2025-08-26 00:35:18.348834,8,Halloween,2025-10-31,57
Tech_Events,Failure to comply could result in a fine of up to 10% of Microsoft's worldwide revenue. While the pr,2025-09-12,Sanhedrin Convocation,2025-09-22 00:00:00.000000,10,Halloween,2025-10-31,49
Tech_Events,It's unlikely Microsoft's US customers will feel a direct impact from these investigations and subse,2022-12-15,Sanhedrin Convocation,2024-09-17 00:00:00.000000,642,Christmas,2022-12-25,10
Tech_Events,"""Microsoft loses EU antitrust fine appeal"". The Guardian. London. Retrieved ... Microsoft and EU set",2021-02-17,Sanhedrin Convocation,2024-09-17 00:00:00.000000,1308,St. Patrick's Day,2021-03-17,28
Tech_Events,"The eventual settlement between the DOJ and Microsoft was ""effective in opening the door to new comp",2025-04-24,Grand Mufti Al-Aqsa Declaration,2025-04-21 00:00:00.000000,3,Easter,2025-04-20,4
Tech_Events,Microsoft Settles EU Antitrust Probe Over Teams After Officials Accept Concessions · The commitments,2025-09-12,Sanhedrin Convocation,2025-09-22 00:00:00.000000,10,Halloween,2025-10-31,49
Tech_Events,"With today's decision, we make binding for seven years or more Microsoft's commitments to put an end",2025-09-11,Sanhedrin Convocation,2025-09-22 00:00:00.000000,11,Halloween,2025-10-31,50
Tech_Events,Top Amazon AWS executive on the outlook for generative AI. watch now. VIDEO4:1604:16. Top Amazon AWS,2025-08-07,Grand Mufti Al-Aqsa Declaration,2025-08-07 00:00:00.000000,0,Halloween,2025-10-31,85
Tech_Events,The investment will include nearly 1.3 gigawatts of new data center capacity for Amazon's AWS Top Se,2025-11-24,Evangelical Temple Delegation,2025-11-27 00:00:00.000000,3,Halloween,2025-10-31,24
Tech_Events,"(c) If the applicable AWS Contracting Party is Amazon AWS Serviços Brasil Ltda., the parties agree t",2025-09-09,Temple Mount Foundation Stone Laying,2025-08-26 00:35:18.348834,13,Halloween,2025-10-31,52
Tech_Events,"Amazon's AWS is offering $1 billion discount to the GSA, supporting Trump-era efforts to modernize f",2025-08-07,Grand Mufti Al-Aqsa Declaration,2025-08-07 00:00:00.000000,0,Halloween,2025-10-31,85
Tech_Events,"Amazon AWS has five data centers across Israel, built on Palestinian ... In 2021, Amazon, in partner",2025-09-01,Temple Mount Foundation Stone Laying,2025-08-26 00:35:18.348834,5,Halloween,2025-10-31,60
Tech_Events,"The joint investment in AI infrastructure, AWS services, and AI training and talent development will",2025-05-13,Sanhedrin Convocation,2025-05-28 00:35:18.349250,15,Easter,2025-04-20,23
Tech_Events,"In 2022 Amazon shared a $9 billion contract from the United States Department ... ""Tableau CEO lured",2025-10-30,Temple Mount Foundation Stone Laying,2025-10-25 00:35:18.348915,4,Halloween,2025-10-31,1
Tech_Events,OpenAI has signed a $38bn (£29bn) deal to use Amazon infrastructure to operate its artificial intell,2025-11-03,Temple Mount Foundation Stone Laying,2025-11-05 00:00:00.000000,2,Halloween,2025-10-31,3
Tech_Events,Amazon will launch the AWS Secret-West Region to expand support for classified government workloads ,2025-06-11,Grand Mufti Al-Aqsa Declaration,2025-06-18 00:00:00.000000,7,Easter,2025-04-20,52
Tech_Events,"The breach was discovered on December 17, 2025, when Amazon's AWS GuardDuty security team issued a w",2025-12-17,Papal Extraordinary Consistory,2025-12-17 00:35:18.349700,0,Christmas,2025-12-25,8
Tech_Events,"For the latest study, the researchers first searched the Internet for Amazon AWS S3 buckets referenc",2025-02-05,Papal Extraordinary Consistory,2025-03-07 00:00:00.000000,30,St. Patrick's Day,2025-03-17,40
Tech_Events,"According to Amazon, AWS is now back online as of 3pm on Monday, but there remains a “backlog of mes",2025-10-21,Temple Mount Foundation Stone Laying,2025-10-25 00:35:18.348915,4,Halloween,2025-10-31,10
Tech_Events,"... Amazon AWS S3 storage bucket, Cybernews reports. More files are being continuously added to the ",2025-01-09,Sanhedrin Convocation,2024-12-29 00:00:00.000000,11,Christmas,2024-12-25,15
Tech_Events,It has only been a matter of weeks since users of Amazon's AWS cloud service were warned about a ran,2025-01-29,Sanhedrin Convocation,2024-12-29 00:00:00.000000,31,Christmas,2024-12-25,35
Tech_Events,"Amazon AWS Outage Reveals Tech Vulnerabilities and Provider Risks ; New UEFI Flaw Exposes ASRock, AS",2025-10-22,Temple Mount Foundation Stone Laying,2025-10-25 00:35:18.348915,3,Halloween,2025-10-31,9
Tech_Events,"Amazon AWS Cloud Data Leak: Thousands of US Military, Intelligence Files Exposed ... TigerSwan CEO J",2017-09-05,Temple Mount Foundation Stone Laying,2014-05-02 00:00:00.000000,1222,Halloween,2017-10-31,56
Tech_Events,The company confirmed that a DNS resolution problem affecting regional DynamoDB service endpoints tr,2025-10-24,Temple Mount Foundation Stone Laying,2025-10-25 00:35:18.348915,1,Halloween,2025-10-31,7
Tech_Events,"According to a statement from Amazon, AWS “reported increased error rates for multiple services” beg",2025-10-20,Temple Mount Foundation Stone Laying,2025-10-25 00:35:18.348915,5,Halloween,2025-10-31,11
Tech_Events,"... Amazon AWS S3 storage bucket, Cybernews reports. Cybernews researchers said more files are being",2025-01-09,Sanhedrin Convocation,2024-12-29 00:00:00.000000,11,Christmas,2024-12-25,15
Tech_Events,Amazon AWS Cloud Partner Mergers and Acquisitions: 28 Buyouts Listed ... January 2019: Amazon acquir,2020-11-17,Sanhedrin Convocation,2024-09-17 00:00:00.000000,1400,Halloween,2020-10-31,17
Tech_Events,"Customer reviews, 1-Click shopping, personalized recommendations, Prime, Fulfillment by Amazon, AWS,",2024-11-22,Papal Extraordinary Consistory,2024-12-06 00:00:00.000000,14,Halloween,2024-10-31,22
Tech_Events,"LONDON, 3 December 2024 — TP ICAP Group (LON: TCAP) ... Customer reviews, 1-Click shopping, personal",2024-12-03,Papal Extraordinary Consistory,2024-12-06 00:00:00.000000,3,Christmas,2024-12-25,22
Tech_Events,"Acquisitions, Mergers and Takeovers · Banking ... Customer reviews, 1-Click shopping, personalized r",2022-08-05,Sanhedrin Convocation,2024-09-17 00:00:00.000000,774,Halloween,2022-10-31,87
Tech_Events,"PROOF OF CLAIM. On June 26, 2025 and July 30, 2025, respectively, the Court in this case granted fin",2025-07-30,Grand Mufti Al-Aqsa Declaration,2025-08-06 00:00:00.000000,7,Halloween,2025-10-31,93
Tech_Events,"The antitrust claims have been settled for (a) aggregate cash payment totaling $82,500,000 (the “Set",2025-09-17,Sanhedrin Convocation,2025-09-22 00:00:00.000000,5,Halloween,2025-10-31,44
Tech_Events,stolen by a malicious criminal hacker from Amazon's AWS cloud where Capital One stored this informat,2022-06-16,Sanhedrin Convocation,2024-09-17 00:00:00.000000,824,Easter,2022-04-17,60
Tech_Events,"Customers using Amazon's AWS, Google Cloud Platform (GCP), or Alibaba Cloud, were charged higher lic",2024-12-03,Papal Extraordinary Consistory,2024-12-06 00:00:00.000000,3,Christmas,2024-12-25,22
Tech_Events,"... Amazon's AWS cloud. In June 2018, Amazon employees signed a letter ... Amazon faced a class-acti",2025-08-30,Temple Mount Foundation Stone Laying,2025-08-26 00:35:18.348834,3,Halloween,2025-10-31,62
Tech_Events,A federal court authorized this Notice. This is not a solicitation from a lawyer. •. The Court has p,2024-09-26,Sanhedrin Convocation,2024-09-17 00:00:00.000000,9,Halloween,2024-10-31,35
Tech_Events,"... antitrust lawsuit, and an EPA settlement over hazardous waste violations. ... Amazon's AWS conti",2025-11-25,Evangelical Temple Delegation,2025-11-27 00:00:00.000000,2,Halloween,2025-10-31,25
Tech_Events,"GSA's OneGov initiative now includes Meta's open source AI models, facilitating and supporting AI ad",2025-09-22,Sanhedrin Convocation,2025-09-22 00:00:00.000000,0,Halloween,2025-10-31,39
Tech_Events,The US General Services Administration (GSA) announced an initiative with Meta that supports the gov,2025-09-22,Sanhedrin Convocation,2025-09-22 00:00:00.000000,0,Halloween,2025-10-31,39
Tech_Events,Meta's Reality Labs lost $4.2 billion in Q1 2025 and has flushed away similar sums – between $1.83 b,2025-05-30,Sanhedrin Convocation,2025-05-28 00:35:18.349250,1,Easter,2025-04-20,40
Tech_Events,"For Meta, the partnership represents a significant expansion into support for U.S. government techno",2025-05-28,Sanhedrin Convocation,2025-05-28 00:35:18.349250,0,Easter,2025-04-20,38
Tech_Events,Meta CEO Mark Zuckerberg has unveiled plans to invest “hundreds of billions of dollars” into AI comp,2025-07-17,Red Heifer Ceremony,2025-07-01 00:00:00.000000,16,Easter,2025-04-20,88
Tech_Events,Meta is enabling use of its open-source Llama AI models for a wide range of defense and national-sec,2024-11-04,Papal Extraordinary Consistory,2024-10-07 00:00:00.000000,28,Halloween,2024-10-31,4
Tech_Events,"The agreement will allow government customers to use Meta's Llama models, which are already publicly",2025-09-22,Sanhedrin Convocation,2025-09-22 00:00:00.000000,0,Halloween,2025-10-31,39
Tech_Events,"U.S. government agencies will be able to use Meta Platforms' artificial intelligence system Llama, a",2025-09-22,Sanhedrin Convocation,2025-09-22 00:00:00.000000,0,Halloween,2025-10-31,39
Tech_Events,Meta announced Monday that it would allow US national security agencies and defense contractors to u,2024-11-05,Papal Extraordinary Consistory,2024-10-07 00:00:00.000000,29,Halloween,2024-10-31,5
Tech_Events,"Meta's competitors, including Google and Amazon, already have substantial government contracts. Andu",2025-05-29,Sanhedrin Convocation,2025-05-28 00:35:18.349250,0,Easter,2025-04-20,39
Tech_Events,"Meta has announced the expansion of access to its Llama AI models for key US allies, supporting defe",2025-09-24,Sanhedrin Convocation,2025-09-25 00:35:18.349040,1,Halloween,2025-10-31,37
Tech_Events,Meta Platforms has joined hands with US defence contractor Anduril Industries to build advanced mili,2025-05-31,Sanhedrin Convocation,2025-05-28 00:35:18.349250,2,Easter,2025-04-20,41
Tech_Events,"Meta announced plans to purchase 350,000 of the same chips by year's end, at ... Despite broad agree",2025-01-31,Sanhedrin Convocation,2024-12-29 00:00:00.000000,33,Christmas,2024-12-25,37
Tech_Events,"Meta China censorship scandal exposed: whistleblower claims Facebook helped CCP censor, monitor, and",2025-04-12,Grand Mufti Al-Aqsa Declaration,2025-04-21 00:00:00.000000,9,Easter,2025-04-20,8
Tech_Events,... agreements on everything from F-35 interoperability to cyber defense protocols. ... Meta. Accedi,2025-09-24,Sanhedrin Convocation,2025-09-25 00:35:18.349040,1,Halloween,2025-10-31,37
Tech_Events,Musk also holds a $1.8 billion contract with the DOD to build a spy satellite network through his co,2025-03-05,Papal Extraordinary Consistory,2025-03-07 00:00:00.000000,2,St. Patrick's Day,2025-03-17,12
Tech_Events,Meta CEO Mark Zuckerberg & former executives settle shareholder lawsuit over Facebook privacy breach,2025-07-21,Grand Mufti Al-Aqsa Declaration,2025-08-06 00:00:00.000000,16,Easter,2025-04-20,92
Tech_Events,Meta on Monday was fined a record 1.2 billion euros ($1.3 billion) and ordered to stop transferring ,2023-05-22,Sanhedrin Convocation,2024-09-17 00:00:00.000000,484,Easter,2023-04-09,43
Tech_Events,The 2018 Cambridge Analytica Scandal. The first major data privacy scandal for Facebook/Meta came in,2023-01-17,Sanhedrin Convocation,2024-09-17 00:00:00.000000,609,Christmas,2022-12-25,23
Tech_Events,The ACLU are calling on the Federal Trade Commission to investigate whether Meta and X have broken t,2023-12-12,Sanhedrin Convocation,2024-09-17 00:00:00.000000,280,Christmas,2023-12-25,13
Tech_Events,The European Commission found that Apple breached its anti-steering obligation under the Digital Mar,2025-04-22,Grand Mufti Al-Aqsa Declaration,2025-04-21 00:00:00.000000,1,Easter,2025-04-20,2
Tech_Events,The groups claim that Meta (META) collects an unnecessary amount of information on its users — such ,2024-02-29,Sanhedrin Convocation,2024-09-17 00:00:00.000000,201,St. Patrick's Day,2024-03-17,17
Tech_Events,"(now Meta Platforms, Inc.); YouTube LLC; Twitter, Inc. (now X Corp.); Snap Inc.; ByteDance Ltd., whi",2024-09-19,Sanhedrin Convocation,2024-09-17 00:00:00.000000,2,Halloween,2024-10-31,42
Tech_Events,Meta agreed to pay $1.4 billion to settle a lawsuit over allegations that Meta processed facial geom,2024-08-01,Sanhedrin Convocation,2024-09-17 00:00:00.000000,47,Halloween,2024-10-31,91
Tech_Events,US tech giant Meta has been fined a record €1.2 billion for breaching the rules of GDPR. According t,2023-05-23,Sanhedrin Convocation,2024-09-17 00:00:00.000000,483,Easter,2023-04-09,44
Tech_Events,deals such as the Scale AI deal featuring. Meta purchasing a 49% stake in the company in Q2. AI cont,2025-07-02,Red Heifer Ceremony,2025-07-01 00:00:00.000000,1,Easter,2025-04-20,73
Tech_Events,"However, tech giants such as Google, Meta, and Amazon have undertaken a combined 372 unchallenged ac",2024-01-10,Sanhedrin Convocation,2024-09-17 00:00:00.000000,251,Christmas,2023-12-25,16
Tech_Events,Companies covered in the Social Networking Sites industry in the United States include Meta Platform,2019-09-17,Sanhedrin Convocation,2024-09-17 00:00:00.000000,1827,Halloween,2019-10-31,44
Tech_Events,"2025: Disney, Hulu + LiveTV, and Fubo announced a merger transaction, with Disney having a controlli",2025-04-17,Grand Mufti Al-Aqsa Declaration,2025-04-21 00:00:00.000000,4,Easter,2025-04-20,3
Tech_Events,"In 2021, Meta was sued in two separate lawsuits alleging its policies and acquisitions constituted c",2025-08-05,Grand Mufti Al-Aqsa Declaration,2025-08-06 00:00:00.000000,1,Halloween,2025-10-31,87
Tech_Events,"It has worked with blue-chip clients including Google, Meta, Uber and Hasbro. Dentsu buys Tag Worldw",2025-02-06,Papal Extraordinary Consistory,2025-03-07 00:00:00.000000,29,St. Patrick's Day,2025-03-17,39
Tech_Events,"Over 20 major application layer companies (e.g., Salesforce, Meta,. Uber) were founded during the cl",2024-11-08,Papal Extraordinary Consistory,2024-12-06 00:00:00.000000,28,Halloween,2024-10-31,8
Tech_Events,"Carolyn Everson most recently served as President of Instacart. Prior to that role, Ms. Everson was ",2025-03-20,Papal Extraordinary Consistory,2025-03-07 00:00:00.000000,13,St. Patrick's Day,2025-03-17,3
Tech_Events,Texas Attorney General Ken Paxton has secured a $1.4 billion settlement with Meta (formerly known as,2024-07-30,Sanhedrin Convocation,2024-09-17 00:00:00.000000,49,Halloween,2024-10-31,93
Tech_Events,Meta agreed to pay President Trump $25 million to settle a 2021 federal lawsuit alleging First Amend,2025-01-29,Sanhedrin Convocation,2024-12-29 00:00:00.000000,31,Christmas,2024-12-25,35
Tech_Events,"Mark Zuckerberg and other current and former Meta Platforms, Inc. (Meta) executives have reached a s",2025-08-08,Grand Mufti Al-Aqsa Declaration,2025-08-07 00:00:00.000000,1,Halloween,2025-10-31,84
Tech_Events,"By law, campaign finance penalties go to the state Public Disclosure Transparency Account. “Meta rep",2024-12-02,Papal Extraordinary Consistory,2024-12-06 00:00:00.000000,4,Christmas,2024-12-25,23
Tech_Events,"Meta has won its case against the Federal Trade Commission, seven months after the trial began.",2025-11-18,Papal Extraordinary Consistory,2025-11-18 00:00:00.000000,0,Halloween,2025-10-31,18
Tech_Events,Mark Zuckerberg and other Meta Platforms Inc. directors agreed to a $190 million settlement of claim,2025-11-20,Papal Extraordinary Consistory,2025-11-18 00:00:00.000000,2,Halloween,2025-10-31,20
Tech_Events,"Mark Zuckerberg testifying at a Senate Judiciary Committee hearing. Mark Zuckerberg, CEO of Meta, te",2025-04-15,Grand Mufti Al-Aqsa Declaration,2025-04-21 00:00:00.000000,6,Easter,2025-04-20,5
Tech_Events,"Meta Platforms, Inc. will pay $725M to settle claims over privacy violations involving third-party d",2025-12-08,Evangelical Temple Delegation,2025-12-08 00:00:00.000000,0,Christmas,2025-12-25,17
Tech_Events,"IBM has won a potential 15-year, $930.5 million contract to help the federal government stand up a n",2024-12-02,Papal Extraordinary Consistory,2024-12-06 00:00:00.000000,4,Christmas,2024-12-25,23
Tech_Events,"In total, federal government contracts account for around 5 percent of IBM's annual revenue, and jus",2025-04-24,Grand Mufti Al-Aqsa Declaration,2025-04-21 00:00:00.000000,3,Easter,2025-04-20,4
Tech_Events,"The General Services Administration announced Wednesday that it has awarded IBM a 15-year, $903.5 mi",2024-11-27,Papal Extraordinary Consistory,2024-12-06 00:00:00.000000,9,Halloween,2024-10-31,27
Tech_Events,A $95 million IBM contract with the U.S. Agency for International Development focused on bolstering ,2025-02-27,Papal Extraordinary Consistory,2025-03-07 00:00:00.000000,8,St. Patrick's Day,2025-03-17,18
Tech_Events,IBM has been awarded a prime contract for five Domains. To receive contract awards in a specific Dom,2025-06-24,Grand Mufti Al-Aqsa Declaration,2025-06-18 00:00:00.000000,6,Easter,2025-04-20,65
Tech_Events,IBM-Fed has had a total of $40.1 million in contracts terminated by DOGE as of the publication of th,2025-05-02,Grand Mufti Al-Aqsa Declaration,2025-04-21 00:00:00.000000,11,Easter,2025-04-20,12
Tech_Events,"IBM has won a potential 15-year, $930.5 million contract to help the federal government stand up a n",2024-12-02,Papal Extraordinary Consistory,2024-12-06 00:00:00.000000,4,Christmas,2024-12-25,23
Tech_Events,"IBM lands $33M GSA OCIO FAS IT System Operations & Maintenance contract. March 21, 2025. Awardee Nam",2025-03-21,Papal Extraordinary Consistory,2025-03-07 00:00:00.000000,14,St. Patrick's Day,2025-03-17,4
Tech_Events,"The impacted contracts amounted to about $100 million, which was less than 1% of the order backlog i",2025-04-23,Grand Mufti Al-Aqsa Declaration,2025-04-21 00:00:00.000000,2,Easter,2025-04-20,3
Tech_Events,"Developed in collaboration with Janes, the IBM Defense Model delivers actionable, defense-specific i",2025-10-29,Temple Mount Foundation Stone Laying,2025-10-25 00:35:18.348915,3,Halloween,2025-10-31,2
Tech_Events,Peraton beats out 3 to win $14M DFAS Electronic Document Management contract · IBM wins US Army Care,2025-03-03,Papal Extraordinary Consistory,2025-03-07 00:00:00.000000,4,St. Patrick's Day,2025-03-17,14
Tech_Events,IBM announced this week that it has won a cloud deal with the US Army worth up to $62 million over f,2017-01-19,Temple Mount Foundation Stone Laying,2014-05-02 00:00:00.000000,993,Christmas,2016-12-25,25
Tech_Events,Technology company IBM UK has won a 320-million-pound ($430-million) contract to overhaul the Minist,2025-10-03,Sanhedrin Convocation,2025-09-25 00:35:18.349040,7,Halloween,2025-10-31,28
Tech_Events,IBM has been awarded a 10-year $576 million contract to support the Defense Microelectronics Activit,2024-03-21,Sanhedrin Convocation,2024-09-17 00:00:00.000000,180,St. Patrick's Day,2024-03-17,4
Tech_Events,The US Defense Microelectronics Activity (DMEA) has handed IBM an up-to-10 year USD 576 million cont,2024-03-22,Sanhedrin Convocation,2024-09-17 00:00:00.000000,179,St. Patrick's Day,2024-03-17,5
Tech_Events,"IBM has launched the IBM Defense Model, an artificial intelligence model developed to enhance intell",2025-10-30,Temple Mount Foundation Stone Laying,2025-10-25 00:35:18.348915,4,Halloween,2025-10-31,1
Tech_Events,The new IBM Defense Model combines advanced AI with domain-specific data from Janes to help improve ,2025-10-29,Temple Mount Foundation Stone Laying,2025-10-25 00:35:18.348915,3,Halloween,2025-10-31,2
Tech_Events,IBM is notifying Janssen CarePath customers and users of an incident involving unauthorized access t,2023-09-06,Sanhedrin Convocation,2024-09-17 00:00:00.000000,377,Halloween,2023-10-31,55
Tech_Events,IBM's global Cost of a Data Breach Report 2025 provides up-to-date insights into cybersecurity threa,2025-07-29,Grand Mufti Al-Aqsa Declaration,2025-08-06 00:00:00.000000,8,Halloween,2025-10-31,94
Tech_Events,A lawsuit has been filed against IBM Corp. and Johnson & Johnson Health Care Systems Inc. over an Au,2023-09-27,Sanhedrin Convocation,2024-09-17 00:00:00.000000,356,Halloween,2023-10-31,34
Tech_Events,"IBM Report: 13% Of Organizations Reported Breaches Of AI Models Or Applications, 97% Of Which Report",2025-07-30,Grand Mufti Al-Aqsa Declaration,2025-08-06 00:00:00.000000,7,Halloween,2025-10-31,93
Tech_Events,"IBM's 2025 breach report is here. Explore 6 identity-focused insights shaping breach costs, threat t",2025-08-01,Grand Mufti Al-Aqsa Declaration,2025-08-06 00:00:00.000000,5,Halloween,2025-10-31,91
Tech_Events,IBM has disclosed a data breach involving a Janssen healthcare platform that last year helped more t,2023-09-07,Sanhedrin Convocation,2024-09-17 00:00:00.000000,376,Halloween,2023-10-31,54
Tech_Events,"Of the 600 breaches surveyed by IBM, 32 percent paid a regulatory fine. Forty-eight percent of those",2025-08-22,Temple Mount Foundation Stone Laying,2025-08-26 00:35:18.348834,4,Halloween,2025-10-31,70
Tech_Events,IBM's 2025 Data Breach Report reveals that 97% of organizations experiencing AI-related breaches lac,2025-08-01,Grand Mufti Al-Aqsa Declaration,2025-08-06 00:00:00.000000,5,Halloween,2025-10-31,91
Tech_Events,IBM's data is clear: only technical controls deliver real protection. Organizations using AI and aut,2025-08-30,Temple Mount Foundation Stone Laying,2025-08-26 00:35:18.348834,3,Halloween,2025-10-31,62
Tech_Events,Acquisitions since 2020 · In 2020 IBM acquired 6 companies · In 2021 IBM acquired 7 companies · In 2,2025-12-09,Evangelical Temple Delegation,2025-12-10 00:35:18.349925,1,Christmas,2025-12-25,16
Tech_Events,IBM to Acquire Confluent to Create Smart Data Platform for Enterprise Generative AI. - $11B acquisit,2025-12-08,Evangelical Temple Delegation,2025-12-08 00:00:00.000000,0,Christmas,2025-12-25,17
Tech_Events,"Today, IBM is announcing it has acquired Prescinto, a leading provider of asset performance manageme",2024-07-10,Sanhedrin Convocation,2024-09-17 00:00:00.000000,69,Easter,2024-03-31,101
Tech_Events,"Discover IBM's complete list of acquisitions with year-wise trends, sector-wise breakdowns, geograph",2025-09-06,Temple Mount Foundation Stone Laying,2025-08-26 00:35:18.348834,10,Halloween,2025-10-31,55
Tech_Events,"IBM announced it has completed its acquisition of HashiCorp, whose products automate and secure the ",2025-02-27,Papal Extraordinary Consistory,2025-03-07 00:00:00.000000,8,St. Patrick's Day,2025-03-17,18
Tech_Events,"IBM is acquiring Red Hat, a major distributor of open-source software and technology, in a deal valu",2018-10-28,Temple Mount Foundation Stone Laying,2014-05-02 00:00:00.000000,1640,Halloween,2018-10-31,3
Tech_Events,"In this video, Motley Fool contributors Jason Hall and Jeff Santoro break down the deal IBM (NYSE: I",2025-12-12,Evangelical Temple Delegation,2025-12-10 00:35:18.349925,1,Christmas,2025-12-25,13
Tech_Events,"When the Red Hat acquisition was completed, the Red Hat systems software stack represented around 9.",2024-10-24,Papal Extraordinary Consistory,2024-10-07 00:00:00.000000,17,Halloween,2024-10-31,7
Tech_Events,"IBM counterclaimed against Telex for alleged unfair competition, theft of trade secrets and copyrigh",2017-10-12,Temple Mount Foundation Stone Laying,2014-05-02 00:00:00.000000,1259,Halloween,2017-10-31,19
Tech_Events,CHAKRABARTI: Boies is talking about an antitrust case against IBM that began in 1969. And here's wha,2021-04-26,Sanhedrin Convocation,2024-09-17 00:00:00.000000,1240,Easter,2021-04-04,22
Tech_Events,"The Tunney Act was created as a ""check on prosecutorial discretion,"" In re IBM, 687 F.2d 591,595 (2d",2023-01-09,Sanhedrin Convocation,2024-09-17 00:00:00.000000,617,Christmas,2022-12-25,15
Tech_Events,IBM (IBM.N) on Monday won a London lawsuit against US tech entrepreneur and philanthropist John Moor,2025-03-10,Papal Extraordinary Consistory,2025-03-07 00:00:00.000000,3,St. Patrick's Day,2025-03-17,7
Tech_Events,"The DOJ sued under the Sherman Antitrust Act, claiming IBM tried to monopolize the market for “gener",2020-02-03,Sanhedrin Convocation,2024-09-17 00:00:00.000000,1688,Christmas,2019-12-25,40
Tech_Events,“An insurer that provided $100 million in capacity pre-IBM's appeal reversal now caps the limit to $,2024-07-08,Sanhedrin Convocation,2024-09-17 00:00:00.000000,71,Easter,2024-03-31,99
Tech_Events,"After IBM and Platform solutions settled their claims on favorable terms for IBM in 2008, T3 continu",2023-12-15,Sanhedrin Convocation,2024-09-17 00:00:00.000000,277,Christmas,2023-12-25,10
Tech_Events,"An antitrust case against IBM was settled after 13 years, in 1982, just as the personal computer rev",2025-11-20,Papal Extraordinary Consistory,2025-11-18 00:00:00.000000,2,Halloween,2025-10-31,20
Tech_Events,"If IBM breathed, that was the direction the computer industry would go. IBM was the subject of an an",2025-06-01,Sanhedrin Convocation,2025-05-28 00:35:18.349250,3,Easter,2025-04-20,42
Tech_Events,The GEMSS contracts provide Cisco software and support for Department of Defense customers. This pag,2022-04-18,Sanhedrin Convocation,2024-09-17 00:00:00.000000,883,Easter,2022-04-17,1
Tech_Events,View a summary page of this 2025 CONTRACT to CISCO SYSTEMS INC from the Department of Defense ... Go,2025-06-09,Grand Mufti Al-Aqsa Declaration,2025-06-18 00:00:00.000000,9,Easter,2025-04-20,50
Tech_Events,"Cisco Systems Inc., San Jose, California, was awarded a single-award indefinite-delivery/indefinite-",2025-09-11,Sanhedrin Convocation,2025-09-22 00:00:00.000000,11,Halloween,2025-10-31,50
Tech_Events,"The NVP Cisco Master Agreement #AR3227 is a ""discount off list price"" contract. Contract pricing is ",2019-09-04,Sanhedrin Convocation,2024-09-17 00:00:00.000000,1840,Halloween,2019-10-31,57
Tech_Events,The purpose of Amendment 0001 is to: 1) Revise Cisco BPA_Attachment J.2_Statement of Work (edits are,2025-06-10,Grand Mufti Al-Aqsa Declaration,2025-06-18 00:00:00.000000,8,Easter,2025-04-20,51
Tech_Events,The Defense Information Systems Agency has awarded Cisco a $1.2 billion indefinite-delivery/indefini,2021-06-14,Sanhedrin Convocation,2024-09-17 00:00:00.000000,1191,Easter,2021-04-04,71
Tech_Events,"The DOD ESI Agreement for Cisco Systems, Inc. refers to the products and Solutions for Enterprise-Wi",2025-03-20,Papal Extraordinary Consistory,2025-03-07 00:00:00.000000,13,St. Patrick's Day,2025-03-17,3
Tech_Events,Find the contract terms that apply when you purchase Cisco offerings. The terms include General Term,2025-10-23,Temple Mount Foundation Stone Laying,2025-10-25 00:35:18.348915,2,Halloween,2025-10-31,8
Tech_Events,"Cisco Systems, Inc., offers Cisco Branded Products and Related Services. Contracts may be used by al",2025-01-10,Sanhedrin Convocation,2024-12-29 00:00:00.000000,12,Christmas,2024-12-25,16
Tech_Events,ScanSource Public Sector offers government agencies and government subcontractors a variety of payme,2021-01-21,Sanhedrin Convocation,2024-09-17 00:00:00.000000,1335,Christmas,2020-12-25,27
Tech_Events,Tech giant Cisco Systems beat out two other bidders and landed a whopping $1.18 billion IT contract ,2021-06-15,Sanhedrin Convocation,2024-09-17 00:00:00.000000,1190,Easter,2021-04-04,72
Tech_Events,"Cisco Systems (Nasdaq: CSCO) has won a potential three-year, $1.18 billion contract from the Defense",2021-06-15,Sanhedrin Convocation,2024-09-17 00:00:00.000000,1190,Easter,2021-04-04,72
Tech_Events,The Cisco Enterprise License Support Agreement provides hardware and software that will support the ,2023-06-29,Sanhedrin Convocation,2024-09-17 00:00:00.000000,446,Easter,2023-04-09,81
Tech_Events,"Under this new partner agreement, Cisco will provide equipment and technology to support the develop",2022-01-26,Sanhedrin Convocation,2024-09-17 00:00:00.000000,965,Christmas,2021-12-25,32
Tech_Events,Cisco Systems on Wednesday agreed to pay a $8.6 million settlement after knowingly selling insecure ,2019-08-01,Sanhedrin Convocation,2024-09-17 00:00:00.000000,1874,Halloween,2019-10-31,91
Tech_Events,"This latest agreement maximizes the Army's access to Cisco innovation, training and services, while ",2021-09-23,Sanhedrin Convocation,2024-09-17 00:00:00.000000,1090,Halloween,2021-10-31,38
Tech_Events,"On July 24, 2025 (GMT+9), Cisco was made aware of an incident involving a bad actor targeting a Cisc",2025-08-01,Grand Mufti Al-Aqsa Declaration,2025-08-06 00:00:00.000000,5,Halloween,2025-10-31,91
Tech_Events,The leak of confidential data and hardcoded credentials has potentially compromised the security of ,2024-10-18,Papal Extraordinary Consistory,2024-10-07 00:00:00.000000,11,Halloween,2024-10-31,13
Tech_Events,"Cisco's recent data breach, which involved exposed API tokens, reminds us once again of the signific",2024-10-29,Papal Extraordinary Consistory,2024-10-07 00:00:00.000000,22,Halloween,2024-10-31,2
Tech_Events,The Yanluowang group posted a notice on their own site and claimed to have stolen 2.75GB of Cisco's ,2022-08-24,Sanhedrin Convocation,2024-09-17 00:00:00.000000,755,Halloween,2022-10-31,68
Tech_Events,Cisco confirmed a sophisticated vishing attack targeting a subset of its employees through deceptive,2025-08-06,Grand Mufti Al-Aqsa Declaration,2025-08-06 00:00:00.000000,0,Halloween,2025-10-31,86
Tech_Events,"The leaked data included usernames, security identifiers (SIDs), and NTLM password hashes. Cisco has",2025-02-10,Papal Extraordinary Consistory,2025-03-07 00:00:00.000000,25,St. Patrick's Day,2025-03-17,35
Tech_Events,Cisco Systems has agreed to pay $8.6m after being accused of knowingly supplying video surveillance ,2019-08-01,Sanhedrin Convocation,2024-09-17 00:00:00.000000,1874,Halloween,2019-10-31,91
Tech_Events,"Cisco is pleased to announce the acquisition of Heroik Labs, Inc. doing business as Worklife. Workli",2025-11-14,Papal Extraordinary Consistory,2025-11-18 00:00:00.000000,4,Halloween,2025-10-31,14
Tech_Events,"Under the terms of the agreement, Cisco acquired Splunk for $157 per share in cash, representing app",2024-03-18,Sanhedrin Convocation,2024-09-17 00:00:00.000000,183,St. Patrick's Day,2024-03-17,1
Tech_Events,"Cisco's previous largest acquisition was tied between Cerent Corporation and ... ^ ""Cisco To Acquire",2024-10-03,Papal Extraordinary Consistory,2024-10-06 00:00:00.000000,3,Halloween,2024-10-31,28
Tech_Events,"Its acquisition of Splunk for $28 billion last year is Cisco's most significant one yet. Splunk, a l",2025-01-06,Sanhedrin Convocation,2024-12-29 00:00:00.000000,8,Christmas,2024-12-25,12
Tech_Events,Cisco is acquiring cybersecurity firm Splunk for $157 per share in an all-cash deal. Cisco will fina,2023-09-21,Sanhedrin Convocation,2024-09-17 00:00:00.000000,362,Halloween,2023-10-31,40
Tech_Events,Cisco is acquiring Splunk for $28 billion to diversify from networking into software and enhance its,2023-10-02,Sanhedrin Convocation,2024-09-17 00:00:00.000000,351,Halloween,2023-10-31,29
Tech_Events,The acquisition has been unanimously approved by the boards of directors of both Cisco and Splunk. I,2023-09-21,Sanhedrin Convocation,2024-09-17 00:00:00.000000,362,Halloween,2023-10-31,40
Tech_Events,Cisco Systems on Thursday agreed to buy cybersecurity firm Splunk for about $28 billion in its bigge,2023-09-21,Sanhedrin Convocation,2024-09-17 00:00:00.000000,362,Halloween,2023-10-31,40
Tech_Events,"In 2018, Cisco acquired Duo Security, a Michigan-based cybersecurity company, for $2.35 billion. Kno",2024-08-14,Sanhedrin Convocation,2024-09-17 00:00:00.000000,34,Halloween,2024-10-31,78
Tech_Events,Dexon countered with the current antitrust lawsuit. Cisco won a preliminary court decision [PDF] las,2024-01-15,Sanhedrin Convocation,2024-09-17 00:00:00.000000,246,Christmas,2023-12-25,21
Tech_Events,... Cisco. Dkt. No. 1 ¶ 5. The Complaint alleges that Juniper utilized its ... settlement of antitru,2025-11-19,Papal Extraordinary Consistory,2025-11-18 00:00:00.000000,1,Halloween,2025-10-31,19
Tech_Events,Summit 360 seeks for this Court to bring an end to this abusive use of monopoly power that has terro,2025-06-12,Grand Mufti Al-Aqsa Declaration,2025-06-18 00:00:00.000000,6,Easter,2025-04-20,53
Tech_Events,"firms currently control over 75% of the market: Cisco, HPE, and Juniper. ... will pay top dollar to ",2025-09-05,Temple Mount Foundation Stone Laying,2025-08-26 00:35:18.348834,9,Halloween,2025-10-31,56
Tech_Events,"22 According to the Complaint, the market was dominated by three firms: HPE, Juniper, and Cisco Syst",2025-07-24,Grand Mufti Al-Aqsa Declaration,2025-08-06 00:00:00.000000,13,Easter,2025-04-20,95
Tech_Events,"January 31, 2024. Cisco Systems Resolves Antitrust Allegations and Counterfeit-Trafficking Claims in",2025-12-08,Evangelical Temple Delegation,2025-12-08 00:00:00.000000,0,Christmas,2025-12-25,17
Tech_Events,"The DOJ has agreed to settle the lawsuit challenging HPE's $14 billion ... Cisco, for its part, resp",2025-06-30,Red Heifer Ceremony,2025-07-01 00:00:00.000000,1,Easter,2025-04-20,71
Tech_Events,"The acquisition would result in two companies—Cisco. Systems, Inc., and the post-acquisition HPE—con",2025-09-08,Temple Mount Foundation Stone Laying,2025-08-26 00:35:18.348834,12,Halloween,2025-10-31,53
Tech_Events,"A Recent Cisco Settlement Suggests Liability May Be Assessed. If you are in the software business, y",2019-08-16,Sanhedrin Convocation,2024-09-17 00:00:00.000000,1859,Halloween,2019-10-31,76
