Year_Query,Category,Title,Snippet,Link,Raw_Date,aid_date
1998,Aid,US Aid to Israel - MERIP,"The US has provided over $50 billion in economic and military aid to Israel since 1949, more than to any other country. Israel has the ...",https://www.merip.org/1990/05/us-aid-to-israel/,"May 4, 1990",1990-05-04 00:00:00+00:00
1996,Aid,A Comprehensive Guide to U.S. Aid to Israel,At present the largest component of U.S. grant aid to Israel is the annual $1.8 billion military aid package. Since the U.S. military aid ...Read more,https://www.wrmea.org/1996-april/the-cost-of-israel-to-u.s.-taxpayers-a-comprehensive-guide-to-u.s.-aid-to-israel.html,"Apr 22, 1996",1996-04-22 00:00:00+00:00
2001,Aid,"U.S. to phase out economic, boost military aid to Israel",The United States and Israel signed a memorandum of understanding on Friday phasing out economic aid to Israel but increasing US military assistance.Read more,https://www.cnn.com/2001/WORLD/meast/01/19/us.israel/,"Jan 19, 2001",2001-01-19 00:00:00+00:00
2007,Aid,"Israel, U.S. sign military aid deal","The deal represents a 25 percent rise in U.S. military aid to Israel, from a current $2.4 billion a year to $3 billion a year over 10 years.Read more",https://www.washingtontimes.com/news/2007/aug/16/israel-us-sign-military-aid-deal/,"Aug 16, 2007",2007-08-16 00:00:00+00:00
2001,Aid,Remarks and Press Availability at Signing Ceremony for ...,Under Secretary Burns Remarks and Press Availability at Signing Ceremony for Memorandum of Understanding on U.S. Military Assistance.,https://2001-2009.state.gov/p/us/rm/2007/91291.htm,"Aug 16, 2007",2007-08-16 00:00:00+00:00
2007,Aid,Remarks and Press Availability at Signing Ceremony for ...,Under Secretary Burns Remarks and Press Availability at Signing Ceremony for Memorandum of Understanding on U.S. Military Assistance.,https://2001-2009.state.gov/p/us/rm/2007/91291.htm,"Aug 16, 2007",2007-08-16 00:00:00+00:00
2004,Aid,U.S. Foreign Aid to Israel,"This report provides an overview of U.S. foreign assistance to Israel. It includes a review of past aid programs, data on annual assistance, ...Read more",https://www.everycrsreport.com/files/20080102_RL33222_ccba3778cd7b80bf36f0a6f852b90e110c8c11b6.pdf,"Jan 2, 2008",2008-01-02 00:00:00+00:00
2005,Aid,U.S. Foreign Aid to Israel,"This report provides an overview of U.S. foreign assistance to Israel. It includes a review of past aid programs, data on annual assistance, ...Read more",https://www.everycrsreport.com/files/20080102_RL33222_ccba3778cd7b80bf36f0a6f852b90e110c8c11b6.pdf,"Jan 2, 2008",2008-01-02 00:00:00+00:00
2006,Aid,U.S. Foreign Aid to Israel,"This report provides an overview of U.S. foreign assistance to Israel. It includes a review of past aid programs, data on annual assistance, ...Read more",https://www.everycrsreport.com/files/20080102_RL33222_ccba3778cd7b80bf36f0a6f852b90e110c8c11b6.pdf,"Jan 2, 2008",2008-01-02 00:00:00+00:00
2003,Aid,U.S. Foreign Aid to Israel,"This report provides an overview of U.S. foreign assistance to Israel. It includes a review of past aid programs, data on annual assistance, ...Read more",https://www.everycrsreport.com/files/20080102_RL33222_ccba3778cd7b80bf36f0a6f852b90e110c8c11b6.pdf,"Jan 2, 2008",2008-01-02 00:00:00+00:00
1996,Aid,U.S. Foreign Aid to Israel,"This report provides an overview of U.S. foreign assistance to Israel. It includes a review of past aid programs, data on annual assistance, ...Read more",https://www.everycrsreport.com/files/20080102_RL33222_ccba3778cd7b80bf36f0a6f852b90e110c8c11b6.pdf,"Jan 2, 2008",2008-01-02 00:00:00+00:00
2002,Aid,U.S. Foreign Aid to Israel,"Almost all U.S. bilateral aid to Israel is in the form of military assistance, although in the past Israel also received significant economic ...Read more",https://www.everycrsreport.com/files/20140411_RL33222_f9d4688164adbb5262f549cbda2faa9b31e184f2.pdf,"Apr 11, 2014",2014-04-11 00:00:00+00:00
2015,Aid,H.Res.729 - Expressing support for the expeditious ...,"A new, robust, and long-term Memorandum of Understanding on military assistance to Israel between the United States Government and the Government of Israel.Read more",https://www.congress.gov/bill/114th-congress/house-resolution/729/text,"May 13, 2016",2016-05-13 00:00:00+00:00
2017,Aid,A New Aid Package for Israel - EveryCRSReport.com,Total amount of FMF: Congress has appropriated $3.1 billion in FMF for Israel for the past five fiscal years. This has made Israel the top ...Read more,https://www.everycrsreport.com/reports/IN10545.html,"Aug 4, 2016",2016-08-04 00:00:00+00:00
2011,Aid,A New Aid Package for Israel - EveryCRSReport.com,Total amount of FMF: Congress has appropriated $3.1 billion in FMF for Israel for the past five fiscal years. This has made Israel the top ...Read more,https://www.everycrsreport.com/reports/IN10545.html,"Aug 4, 2016",2016-08-04 00:00:00+00:00
2020,Aid,Memorandum of Understanding - U.S. Department of State,The United States and Israel reaffirm the importance of continuing annual U.S. military assistance to Israel and cooperative missile defense ...Read more,https://2009-2017.state.gov/documents/organization/265160.pdf,"Sep 7, 2016",2016-09-07 00:00:00+00:00
2017,Aid,Memorandum of Understanding - U.S. Department of State,The United States and Israel reaffirm the importance of continuing annual U.S. military assistance to Israel and cooperative missile defense ...Read more,https://2009-2017.state.gov/documents/organization/265160.pdf,"Sep 7, 2016",2016-09-07 00:00:00+00:00
2016,Aid,Memorandum of Understanding - U.S. Department of State,The United States and Israel reaffirm the importance of continuing annual U.S. military assistance to Israel and cooperative missile defense ...Read more,https://2009-2017.state.gov/documents/organization/265160.pdf,"Sep 7, 2016",2016-09-07 00:00:00+00:00
2009,Aid,Memorandum of Understanding - U.S. Department of State,The United States and Israel reaffirm the importance of continuing annual U.S. military assistance to Israel and cooperative missile defense ...Read more,https://2009-2017.state.gov/documents/organization/265160.pdf,"Sep 7, 2016",2016-09-07 00:00:00+00:00
2010,Aid,Memorandum of Understanding - U.S. Department of State,The United States and Israel reaffirm the importance of continuing annual U.S. military assistance to Israel and cooperative missile defense ...Read more,https://2009-2017.state.gov/documents/organization/265160.pdf,"Sep 7, 2016",2016-09-07 00:00:00+00:00
2019,Aid,Memorandum of Understanding - U.S. Department of State,The United States and Israel reaffirm the importance of continuing annual U.S. military assistance to Israel and cooperative missile defense ...Read more,https://2009-2017.state.gov/documents/organization/265160.pdf,"Sep 7, 2016",2016-09-07 00:00:00+00:00
2012,Aid,"US, Israel reach record military aid deal",The Obama administration is upping aid to Israel as part of the largest pledge of military assistance in US history.,https://www.cnn.com/2016/09/13/politics/us-israel-military-aid-package-mou,"Sep 13, 2016",2016-09-13 00:00:00+00:00
2013,Aid,"US, Israel reach record military aid deal",The Obama administration is upping aid to Israel as part of the largest pledge of military assistance in US history.,https://www.cnn.com/2016/09/13/politics/us-israel-military-aid-package-mou,"Sep 13, 2016",2016-09-13 00:00:00+00:00
2010,Aid,"US, Israel reach record military aid deal",The Obama administration is upping aid to Israel as part of the largest pledge of military assistance in US history.,https://www.cnn.com/2016/09/13/politics/us-israel-military-aid-package-mou,"Sep 13, 2016",2016-09-13 00:00:00+00:00
2005,Aid,Memorandum of Understanding Between the United States ...,"The memorandum of understanding we'll be signing shortly commits to providing Israel $38 billion in military aid over 10 years, including $33 ...Read more",https://2009-2017.state.gov/p/nea/rls/rm/261928.htm,"Sep 14, 2016",2016-09-14 00:00:00+00:00
2005,Aid,Memorandum of Understanding Reached with Israel,The new 10-year security assistance Memorandum of Understanding (MOU) to Israel is the most recent reflection of President Obama's unshakeable commitment to ...Read more,https://obamawhitehouse.archives.gov/the-press-office/2016/09/14/fact-sheet-memorandum-understanding-reached-israel,"Sep 14, 2016",2016-09-14 00:00:00+00:00
2009,Aid,Memorandum of Understanding Between the United States ...,"The memorandum of understanding we'll be signing shortly commits to providing Israel $38 billion in military aid over 10 years, including $33 ...Read more",https://2009-2017.state.gov/p/nea/rls/rm/261928.htm,"Sep 14, 2016",2016-09-14 00:00:00+00:00
2004,Aid,Memorandum of Understanding Between the United States ...,"The memorandum of understanding we'll be signing shortly commits to providing Israel $38 billion in military aid over 10 years, including $33 ...Read more",https://2009-2017.state.gov/p/nea/rls/rm/261928.htm,"Sep 14, 2016",2016-09-14 00:00:00+00:00
2004,Aid,Memorandum of Understanding Reached with Israel,"In FY2016, the United States provided Israel $3.1 billion in FMF assistance to support Israel's ability to defend against threats. This is in ...Read more",https://obamawhitehouse.archives.gov/the-press-office/2016/09/14/fact-sheet-memorandum-understanding-reached-israel,"Sep 14, 2016",2016-09-14 00:00:00+00:00
2015,Aid,Memorandum of Understanding Between the United States ...,"The memorandum of understanding we'll be signing shortly commits to providing Israel $38 billion in military aid over 10 years, including $33 ...Read more",https://2009-2017.state.gov/p/nea/rls/rm/261928.htm,"Sep 14, 2016",2016-09-14 00:00:00+00:00
2012,Aid,Memorandum of Understanding Between the United States ...,"The memorandum of understanding we'll be signing shortly commits to providing Israel $38 billion in military aid over 10 years, including $33 ...Read more",https://2009-2017.state.gov/p/nea/rls/rm/261928.htm,"Sep 14, 2016",2016-09-14 00:00:00+00:00
2006,Aid,Memorandum of Understanding Reached with Israel,"In FY2016, the United States provided Israel $3.1 billion in FMF assistance to support Israel's ability to defend against threats. This is in ...Read more",https://obamawhitehouse.archives.gov/the-press-office/2016/09/14/fact-sheet-memorandum-understanding-reached-israel,"Sep 14, 2016",2016-09-14 00:00:00+00:00
2006,Aid,Memorandum of Understanding Between the United States ...,"The memorandum of understanding we'll be signing shortly commits to providing Israel $38 billion in military aid over 10 years, including $33 ...Read more",https://2009-2017.state.gov/p/nea/rls/rm/261928.htm,"Sep 14, 2016",2016-09-14 00:00:00+00:00
2010,Aid,Memorandum of Understanding Reached with Israel,The new 10-year security assistance Memorandum of Understanding (MOU) to Israel is the most recent reflection of President Obama's unshakeable commitment to ...Read more,https://obamawhitehouse.archives.gov/the-press-office/2016/09/14/fact-sheet-memorandum-understanding-reached-israel,"Sep 14, 2016",2016-09-14 00:00:00+00:00
2009,Aid,Memorandum of Understanding Reached with Israel,"Since President Obama took office, the United States has provided Israel over $23.5 billion in FMF assistance (from 2009-2016). In FY2016, the ...Read more",https://obamawhitehouse.archives.gov/the-press-office/2016/09/14/fact-sheet-memorandum-understanding-reached-israel,"Sep 14, 2016",2016-09-14 00:00:00+00:00
2013,Aid,Memorandum of Understanding Between the United States ...,"The memorandum of understanding we'll be signing shortly commits to providing Israel $38 billion in military aid over 10 years, including $33 ...Read more",https://2009-2017.state.gov/p/nea/rls/rm/261928.htm,"Sep 14, 2016",2016-09-14 00:00:00+00:00
2010,Aid,Memorandum of Understanding Between the United States ...,"The memorandum of understanding we'll be signing shortly commits to providing Israel $38 billion in military aid over 10 years, including $33 ...Read more",https://2009-2017.state.gov/p/nea/rls/rm/261928.htm,"Sep 14, 2016",2016-09-14 00:00:00+00:00
2007,Aid,Memorandum of Understanding Reached with Israel,"In FY2016, the United States provided Israel $3.1 billion in FMF assistance to support Israel's ability to defend against threats. This is in ...Read more",https://obamawhitehouse.archives.gov/the-press-office/2016/09/14/fact-sheet-memorandum-understanding-reached-israel,"Sep 14, 2016",2016-09-14 00:00:00+00:00
2011,Aid,Memorandum of Understanding Between the United States ...,"The memorandum of understanding we'll be signing shortly commits to providing Israel $38 billion in military aid over 10 years, including $33 ...Read more",https://2009-2017.state.gov/p/nea/rls/rm/261928.htm,"Sep 14, 2016",2016-09-14 00:00:00+00:00
2014,Aid,Memorandum of Understanding Reached with Israel,"In FY2016, the United States provided Israel $3.1 billion in FMF assistance to support Israel's ability to defend against threats. This is in ...Read more",https://obamawhitehouse.archives.gov/the-press-office/2016/09/14/fact-sheet-memorandum-understanding-reached-israel,"Sep 14, 2016",2016-09-14 00:00:00+00:00
2008,Aid,Memorandum of Understanding Between the United States ...,"The memorandum of understanding we'll be signing shortly commits to providing Israel $38 billion in military aid over 10 years, including $33 ...Read more",https://2009-2017.state.gov/p/nea/rls/rm/261928.htm,"Sep 14, 2016",2016-09-14 00:00:00+00:00
2013,Aid,Memorandum of Understanding Reached with Israel,The new 10-year security assistance Memorandum of Understanding (MOU) to Israel is the most recent reflection of President Obama's unshakeable commitment to ...Read more,https://obamawhitehouse.archives.gov/the-press-office/2016/09/14/fact-sheet-memorandum-understanding-reached-israel,"Sep 14, 2016",2016-09-14 00:00:00+00:00
2008,Aid,Memorandum of Understanding Reached with Israel,"Since President Obama took office, the United States has provided Israel over $23.5 billion in FMF assistance (from 2009-2016). In FY2016, the ...Read more",https://obamawhitehouse.archives.gov/the-press-office/2016/09/14/fact-sheet-memorandum-understanding-reached-israel,"Sep 14, 2016",2016-09-14 00:00:00+00:00
2015,Aid,Memorandum of Understanding Reached with Israel,"In FY2016, the United States provided Israel $3.1 billion in FMF assistance to support Israel's ability to defend against threats. This is in ...Read more",https://obamawhitehouse.archives.gov/the-press-office/2016/09/14/fact-sheet-memorandum-understanding-reached-israel,"Sep 14, 2016",2016-09-14 00:00:00+00:00
2009,Aid,Statement on the Memorandum of Understanding Between ...,"The new MOU constitutes the single largest pledge of military assistance in U.S. history, totaling $38 billion over 10 years, including $33 ...Read more",https://www.presidency.ucsb.edu/documents/statement-the-memorandum-understanding-between-the-united-states-and-israel,"Sep 14, 2016",2016-09-14 00:00:00+00:00
2003,Aid,Memorandum of Understanding Between the United States ...,"The memorandum of understanding we'll be signing shortly commits to providing Israel $38 billion in military aid over 10 years, including $33 ...Read more",https://2009-2017.state.gov/p/nea/rls/rm/261928.htm,"Sep 14, 2016",2016-09-14 00:00:00+00:00
2003,Aid,Memorandum of Understanding Reached with Israel,"Under the new MOU with Israel, the Obama Administration has made the largest single pledge of military assistance in U.S. history: The total ...Read more",https://obamawhitehouse.archives.gov/the-press-office/2016/09/14/fact-sheet-memorandum-understanding-reached-israel,"Sep 14, 2016",2016-09-14 00:00:00+00:00
2023,Aid,Memorandum of Understanding Reached with Israel,The new 10-year security assistance Memorandum of Understanding (MOU) to Israel is the most recent reflection of President Obama's unshakeable commitment to ...Read more,https://obamawhitehouse.archives.gov/the-press-office/2016/09/14/fact-sheet-memorandum-understanding-reached-israel,"Sep 14, 2016",2016-09-14 00:00:00+00:00
2022,Aid,Memorandum of Understanding Reached with Israel,The new 10-year security assistance Memorandum of Understanding (MOU) to Israel is the most recent reflection of President Obama's unshakeable commitment to ...Read more,https://obamawhitehouse.archives.gov/the-press-office/2016/09/14/fact-sheet-memorandum-understanding-reached-israel,"Sep 14, 2016",2016-09-14 00:00:00+00:00
1996,Aid,Memorandum of Understanding Reached with Israel,"Under the new MOU with Israel, the Obama Administration has made the largest single pledge of military assistance in U.S. history: The total ...Read more",https://obamawhitehouse.archives.gov/the-press-office/2016/09/14/fact-sheet-memorandum-understanding-reached-israel,"Sep 14, 2016",2016-09-14 00:00:00+00:00
1996,Aid,Memorandum of Understanding Between the United States ...,"The memorandum of understanding we'll be signing shortly commits to providing Israel $38 billion in military aid over 10 years, including $33 ...Read more",https://2009-2017.state.gov/p/nea/rls/rm/261928.htm,"Sep 14, 2016",2016-09-14 00:00:00+00:00
1997,Aid,Memorandum of Understanding Reached with Israel,"In FY2016, the United States provided Israel $3.1 billion in FMF assistance to support Israel's ability to defend against threats. This is in ...Read more",https://obamawhitehouse.archives.gov/the-press-office/2016/09/14/fact-sheet-memorandum-understanding-reached-israel,"Sep 14, 2016",2016-09-14 00:00:00+00:00
1997,Aid,Memorandum of Understanding Between the United States ...,"The memorandum of understanding we'll be signing shortly commits to providing Israel $38 billion in military aid over 10 years, including $33 ...Read more",https://2009-2017.state.gov/p/nea/rls/rm/261928.htm,"Sep 14, 2016",2016-09-14 00:00:00+00:00
2019,Aid,Memorandum of Understanding Reached with Israel,The new 10-year security assistance Memorandum of Understanding (MOU) to Israel is the most recent reflection of President Obama's unshakeable commitment to ...Read more,https://obamawhitehouse.archives.gov/the-press-office/2016/09/14/fact-sheet-memorandum-understanding-reached-israel,"Sep 14, 2016",2016-09-14 00:00:00+00:00
1998,Aid,US & Israel Security Assistance MOU Signing,"The memorandum of understanding we'll be signing shortly commits to providing Israel $38 billion in military aid over 10 years, including $33 ...Read more",https://2009-2017.state.gov/p/nea/rls/rm/261928.htm,"Sep 14, 2016",2016-09-14 00:00:00+00:00
1998,Aid,Memorandum of Understanding Reached with Israel,"Under the new MOU with Israel, the Obama Administration has made the largest single pledge of military assistance in U.S. history: The total ...Read more",https://obamawhitehouse.archives.gov/the-press-office/2016/09/14/fact-sheet-memorandum-understanding-reached-israel,"Sep 14, 2016",2016-09-14 00:00:00+00:00
2018,Aid,"Israel, U.S. Sign Record Military Assistance Agreement","The agreement allocates $5 billion over the 10-year span for missile defense assistance, further deepening U.S.-Israeli missile defense ties.Read more",https://missilethreat.csis.org/israel-u-s-sign-record-military-assistance-agreement/,"Sep 14, 2016",2016-09-14 00:00:00+00:00
1999,Aid,Memorandum of Understanding Reached with Israel,The new 10-year security assistance Memorandum of Understanding (MOU) to Israel is the most recent reflection of President Obama's unshakeable commitment to ...Read more,https://obamawhitehouse.archives.gov/the-press-office/2016/09/14/fact-sheet-memorandum-understanding-reached-israel,"Sep 14, 2016",2016-09-14 00:00:00+00:00
2018,Aid,Memorandum of Understanding Reached with Israel,The new 10-year security assistance Memorandum of Understanding (MOU) to Israel is the most recent reflection of President Obama's unshakeable commitment to ...Read more,https://obamawhitehouse.archives.gov/the-press-office/2016/09/14/fact-sheet-memorandum-understanding-reached-israel,"Sep 14, 2016",2016-09-14 00:00:00+00:00
2000,Aid,Memorandum of Understanding Reached with Israel,The new 10-year security assistance Memorandum of Understanding (MOU) to Israel is the most recent reflection of President Obama's unshakeable commitment to ...Read more,https://obamawhitehouse.archives.gov/the-press-office/2016/09/14/fact-sheet-memorandum-understanding-reached-israel,"Sep 14, 2016",2016-09-14 00:00:00+00:00
2000,Aid,Memorandum of Understanding Between the United States ...,"The memorandum of understanding we'll be signing shortly commits to providing Israel $38 billion in military aid over 10 years, including $33 ...Read more",https://2009-2017.state.gov/p/nea/rls/rm/261928.htm,"Sep 14, 2016",2016-09-14 00:00:00+00:00
1999,Aid,Memorandum of Understanding Between the United States ...,"The memorandum of understanding we'll be signing shortly commits to providing Israel $38 billion in military aid over 10 years, including $33 ...Read more",https://2009-2017.state.gov/p/nea/rls/rm/261928.htm,"Sep 14, 2016",2016-09-14 00:00:00+00:00
2002,Aid,Memorandum of Understanding Reached with Israel,"Under the new MOU with Israel, the Obama Administration has made the largest single pledge of military assistance in U.S. history: The total ...Read more",https://obamawhitehouse.archives.gov/the-press-office/2016/09/14/fact-sheet-memorandum-understanding-reached-israel,"Sep 14, 2016",2016-09-14 00:00:00+00:00
2016,Aid,Memorandum of Understanding Reached with Israel,"In FY2016, the United States provided Israel $3.1 billion in FMF assistance to support Israel's ability to defend against threats.Read more",https://obamawhitehouse.archives.gov/the-press-office/2016/09/14/fact-sheet-memorandum-understanding-reached-israel,"Sep 14, 2016",2016-09-14 00:00:00+00:00
2002,Aid,Memorandum of Understanding Between the United States ...,"The memorandum of understanding we'll be signing shortly commits to providing Israel $38 billion in military aid over 10 years, including $33 ...Read more",https://2009-2017.state.gov/p/nea/rls/rm/261928.htm,"Sep 14, 2016",2016-09-14 00:00:00+00:00
2012,Aid,Memorandum of Understanding Reached with Israel,The new 10-year security assistance Memorandum of Understanding (MOU) to Israel is the most recent reflection of President Obama's unshakeable commitment to ...Read more,https://obamawhitehouse.archives.gov/the-press-office/2016/09/14/fact-sheet-memorandum-understanding-reached-israel,"Sep 14, 2016",2016-09-14 00:00:00+00:00
2000,Aid,Obama hands Israel the largest military aid deal in history,The Obama administration has signed a $38 billion military aid pact with Israel in what the State Department boasts is the “single largest pledge of bilateral ...Read more,https://electronicintifada.net/blogs/rania-khalek/obama-hands-israel-largest-military-aid-deal-history,"Sep 14, 2016",2016-09-14 00:00:00+00:00
2001,Aid,Memorandum of Understanding Between the United States ...,"The memorandum of understanding we'll be signing shortly commits to providing Israel $38 billion in military aid over 10 years, including $33 ...Read more",https://2009-2017.state.gov/p/nea/rls/rm/261928.htm,"Sep 14, 2016",2016-09-14 00:00:00+00:00
2017,Aid,Memorandum of Understanding Reached with Israel,The new 10-year security assistance Memorandum of Understanding (MOU) to Israel is the most recent reflection of President Obama's unshakeable commitment to ...Read more,https://obamawhitehouse.archives.gov/the-press-office/2016/09/14/fact-sheet-memorandum-understanding-reached-israel,"Sep 14, 2016",2016-09-14 00:00:00+00:00
2011,Aid,Memorandum of Understanding Reached with Israel,The new 10-year security assistance Memorandum of Understanding (MOU) to Israel is the most recent reflection of President Obama's unshakeable commitment to ...Read more,https://obamawhitehouse.archives.gov/the-press-office/2016/09/14/fact-sheet-memorandum-understanding-reached-israel,"Sep 14, 2016",2016-09-14 00:00:00+00:00
2001,Aid,Memorandum of Understanding Reached with Israel,The new 10-year security assistance Memorandum of Understanding (MOU) to Israel is the most recent reflection of President Obama's unshakeable commitment to ...Read more,https://obamawhitehouse.archives.gov/the-press-office/2016/09/14/fact-sheet-memorandum-understanding-reached-israel,"Sep 14, 2016",2016-09-14 00:00:00+00:00
2014,Aid,Israel's New MOU: The Money and the Message,The United States and Israel signed a ten-year Memorandum of Understanding under which Washington will provide $38 billion in military assistance over the ...Read more,https://www.washingtoninstitute.org/policy-analysis/israels-new-mou-money-and-message,"Sep 15, 2016",2016-09-15 00:00:00+00:00
2012,Aid,Israel's New MOU: The Money and the Message,The United States and Israel signed a ten-year Memorandum of Understanding under which Washington will provide $38 billion in military assistance over the ...Read more,https://www.washingtoninstitute.org/policy-analysis/israels-new-mou-money-and-message,"Sep 15, 2016",2016-09-15 00:00:00+00:00
2002,Aid,"U.S., Israel sign $38 billion military aid package","The United States will give Israel $38 billion in military assistance over the next decade, the largest such aid package in US history, under a landmark ...Read more",https://www.reuters.com/article/world/us-israel-sign-38-billion-military-aid-package-idUSKCN11K2CI/,"Sep 15, 2016",2016-09-15 00:00:00+00:00
2014,Aid,"U.S., Israel sign $38 billion military aid package","The United States will give Israel $38 billion in military assistance over the next decade, the largest such aid package in US history, under a landmark ...Read more",https://www.reuters.com/article/world/us-israel-sign-38-billion-military-aid-package-idUSKCN11K2CI/,"Sep 15, 2016",2016-09-15 00:00:00+00:00
2015,Aid,Israel's New MOU: The Money and the Message,The United States and Israel signed a ten-year Memorandum of Understanding under which Washington will provide $38 billion in military assistance over the ...Read more,https://www.washingtoninstitute.org/policy-analysis/israels-new-mou-money-and-message,"Sep 15, 2016",2016-09-15 00:00:00+00:00
2013,Aid,New US-Israeli Military Aid Package Reflects Shifts in ...,"The United States and Israel signed a new 10-year Memorandum of Understanding (MOU) on military aid, which replaces a previous MOU set to expire in October ...Read more",https://arabcenterdc.org/resource/new-us-israeli-military-aid-package-reflects-shifts-in-relationship/,"Sep 15, 2016",2016-09-15 00:00:00+00:00
2009,Aid,"U.S., Israel sign $38 billion military aid package","The United States will give Israel $38 billion in military assistance over the next decade, the largest such aid package in US history, under a landmark ...Read more",https://www.reuters.com/article/world/us-israel-sign-38-billion-military-aid-package-idUSKCN11K2CI/,"Sep 15, 2016",2016-09-15 00:00:00+00:00
2017,Aid,Israel's New MOU: The Money and the Message,The United States and Israel signed a ten-year Memorandum of Understanding under which Washington will provide $38 billion in military assistance over the ...Read more,https://www.washingtoninstitute.org/policy-analysis/israels-new-mou-money-and-message,"Sep 15, 2016",2016-09-15 00:00:00+00:00
2019,Aid,"U.S., Israel sign $38 billion military aid package",The $38 billion memorandum of understanding covers U.S. fiscal years 2019-2028 and succeeds the current $30 billion MOU signed in 2007 ...Read more,https://www.reuters.com/article/world/us-israel-sign-38-billion-military-aid-package-idUSKCN11K2CI/,"Sep 15, 2016",2016-09-15 00:00:00+00:00
2011,Aid,Israel's New MOU: The Money and the Message,The United States and Israel signed a ten-year Memorandum of Understanding under which Washington will provide $38 billion in military assistance over the ...Read more,https://www.washingtoninstitute.org/policy-analysis/israels-new-mou-money-and-message,"Sep 15, 2016",2016-09-15 00:00:00+00:00
2016,Aid,Israel's New MOU: The Money and the Message,The United States and Israel signed a ten-year Memorandum of Understanding under which Washington will provide $38 billion in military assistance over the ...Read more,https://www.washingtoninstitute.org/policy-analysis/israels-new-mou-money-and-message,"Sep 15, 2016",2016-09-15 00:00:00+00:00
2018,Aid,Israel's New MOU: The Money and the Message,The United States and Israel signed a ten-year Memorandum of Understanding under which Washington will provide $38 billion in military assistance over the ...Read more,https://www.washingtoninstitute.org/policy-analysis/israels-new-mou-money-and-message,"Sep 15, 2016",2016-09-15 00:00:00+00:00
2016,Aid,US and Israel sign record $38bn military aid deal,The United States has signed a record $38bn deal to provide Israel with military assistance over a 10-year period – the largest such agreement ever by the US ...Read more,https://www.aljazeera.com/news/2016/9/15/us-and-israel-sign-record-38bn-military-aid-deal,"Sep 15, 2016",2016-09-15 00:00:00+00:00
2015,Aid,"U.S., Israel sign $38 billion military aid package","The United States will give Israel $38 billion in military assistance over the next decade, the largest such aid package in U.S. history, ...",https://www.reuters.com/article/world/us-israel-sign-38-billion-military-aid-package-idUSKCN11K2CI/,"Sep 15, 2016",2016-09-15 00:00:00+00:00
2017,Aid,New US-Israeli Military Aid Package Reflects Shifts in ...,"The United States and Israel signed a new 10-year Memorandum of Understanding (MOU) on military aid, which replaces a previous MOU set to expire in October ...Read more",https://arabcenterdc.org/resource/new-us-israeli-military-aid-package-reflects-shifts-in-relationship/,"Sep 15, 2016",2016-09-15 00:00:00+00:00
2012,Aid,US Foreign Aid to Israel,"Under the terms of the MOU, the United States pledges to provide $38 billion in military aid ($33 billion in FMF grants plus $5 billion in ...Read more",https://www.everycrsreport.com/files/20161222_RL33222_4cb6836e32617afe209db00c655677d0a70ca55f.html,"Dec 22, 2016",2016-12-22 00:00:00+00:00
1996,Aid,U.S. Foreign Aid to Israel,"This report provides an overview of U.S. foreign assistance to Israel. It includes a review of past aid programs, data on annual assistance, ...Read more",https://www.congress.gov/crs_external_products/RL/PDF/RL33222/RL33222.34.pdf,"Feb 5, 2018",2018-02-05 00:00:00+00:00
2014,Aid,U.S. Foreign Aid to Israel,"This report provides an overview of U.S. foreign assistance to Israel. It includes a review of past aid programs, data on annual assistance, ...Read more",https://www.congress.gov/crs_external_products/RL/PDF/RL33222/RL33222.34.pdf,"Feb 5, 2018",2018-02-05 00:00:00+00:00
2016,Aid,U.S. Foreign Aid to Israel,"This report provides an overview of U.S. foreign assistance to Israel. It includes a review of past aid programs, data on annual assistance, ...Read more",https://www.congress.gov/crs_external_products/RL/PDF/RL33222/RL33222.34.pdf,"Feb 5, 2018",2018-02-05 00:00:00+00:00
2013,Aid,U.S. Foreign Aid to Israel,"This report provides an overview of U.S. foreign assistance to Israel. It includes a review of past aid programs, data on annual assistance, ...Read more",https://www.congress.gov/crs_external_products/RL/PDF/RL33222/RL33222.34.pdf,"Feb 5, 2018",2018-02-05 00:00:00+00:00
2015,Aid,U.S. Foreign Aid to Israel,"This report provides an overview of U.S. foreign assistance to Israel. It includes a review of past aid programs, data on annual assistance, ...Read more",https://www.congress.gov/crs_external_products/RL/PDF/RL33222/RL33222.34.pdf,"Feb 5, 2018",2018-02-05 00:00:00+00:00
2012,Aid,U.S. Foreign Aid to Israel,"This report provides an overview of U.S. foreign assistance to Israel. It includes a review of past aid programs, data on annual assistance, ...Read more",https://www.congress.gov/crs_external_products/RL/PDF/RL33222/RL33222.34.pdf,"Feb 5, 2018",2018-02-05 00:00:00+00:00
2003,Aid,U.S. Foreign Aid to Israel,"This report provides an overview of U.S. foreign assistance to Israel. It includes a review of past aid programs, data on annual assistance, ...Read more",https://www.congress.gov/crs_external_products/RL/PDF/RL33222/RL33222.34.pdf,"Feb 5, 2018",2018-02-05 00:00:00+00:00
2011,Aid,U.S. Foreign Aid to Israel,"This report provides an overview of U.S. foreign assistance to Israel. It includes a review of past aid programs, data on annual assistance, ...Read more",https://www.congress.gov/crs_external_products/RL/PDF/RL33222/RL33222.34.pdf,"Feb 5, 2018",2018-02-05 00:00:00+00:00
1997,Aid,U.S. Foreign Aid to Israel,"This report provides an overview of U.S. foreign assistance to Israel. It includes a review of past aid programs, data on annual assistance, ...Read more",https://www.congress.gov/crs_external_products/RL/PDF/RL33222/RL33222.34.pdf,"Feb 5, 2018",2018-02-05 00:00:00+00:00
1999,Aid,U.S. Foreign Aid to Israel,"U.S. Bilateral Military Aid to Israel​​ Since 1999, overall U.S. assistance to Israel has been outlined in 10-year government-to- government ...",https://www.congress.gov/crs_external_products/RL/PDF/RL33222/RL33222.34.pdf,"Feb 5, 2018",2018-02-05 00:00:00+00:00
2010,Aid,U.S. Foreign Aid to Israel,"This report provides an overview of U.S. foreign assistance to Israel. It includes a review of past aid programs, data on annual assistance, ...Read more",https://www.congress.gov/crs_external_products/RL/PDF/RL33222/RL33222.34.pdf,"Feb 5, 2018",2018-02-05 00:00:00+00:00
2009,Aid,U.S. Foreign Aid to Israel,"This report provides an overview of U.S. foreign assistance to Israel. It includes a review of past aid programs, data on annual assistance, ...Read more",https://www.congress.gov/crs_external_products/RL/PDF/RL33222/RL33222.34.pdf,"Feb 5, 2018",2018-02-05 00:00:00+00:00
2006,Aid,U.S. Foreign Aid to Israel,"This report provides an overview of U.S. foreign assistance to Israel. It includes a review of past aid programs, data on annual assistance, ...Read more",https://www.congress.gov/crs_external_products/RL/PDF/RL33222/RL33222.34.pdf,"Feb 5, 2018",2018-02-05 00:00:00+00:00
2001,Aid,U.S. Foreign Aid to Israel,"This report provides an overview of U.S. foreign assistance to Israel. It includes a review of past aid programs, data on annual assistance, ...Read more",https://www.congress.gov/crs_external_products/RL/PDF/RL33222/RL33222.34.pdf,"Feb 5, 2018",2018-02-05 00:00:00+00:00
2002,Aid,U.S. Foreign Aid to Israel,"This report provides an overview of U.S. foreign assistance to Israel. It includes a review of past aid programs, data on annual assistance, ...Read more",https://www.congress.gov/crs_external_products/RL/PDF/RL33222/RL33222.34.pdf,"Feb 5, 2018",2018-02-05 00:00:00+00:00
2005,Aid,U.S. Foreign Aid to Israel,"This report provides an overview of U.S. foreign assistance to Israel. It includes a review of past aid programs, data on annual assistance, ...Read more",https://www.congress.gov/crs_external_products/RL/PDF/RL33222/RL33222.34.pdf,"Feb 5, 2018",2018-02-05 00:00:00+00:00
2004,Aid,U.S. Foreign Aid to Israel,"This report provides an overview of U.S. foreign assistance to Israel. It includes a review of past aid programs, data on annual assistance, ...Read more",https://www.congress.gov/crs_external_products/RL/PDF/RL33222/RL33222.34.pdf,"Feb 5, 2018",2018-02-05 00:00:00+00:00
2008,Aid,U.S. Foreign Aid to Israel,"This report provides an overview of U.S. foreign assistance to Israel. It includes a review of past aid programs, data on annual assistance, ...Read more",https://www.congress.gov/crs_external_products/RL/PDF/RL33222/RL33222.34.pdf,"Feb 5, 2018",2018-02-05 00:00:00+00:00
2018,Aid,Ten-Year Memorandum of Understanding Between the United ...,"Under the terms of the MOU, the United States will set funding for Israel at levels of $3.3 billion in Foreign Military Financing and $500 ...Read more",https://2017-2021.state.gov/ten-year-memorandum-of-understanding-between-the-united-states-and-israel/,"Oct 1, 2018",2018-10-01 00:00:00+00:00
2017,Aid,Ten-Year Memorandum of Understanding Between the United ...,"Under the terms of the MOU, the United States will set funding for Israel at levels of $3.3 billion in Foreign Military Financing and $500 ...Read more",https://2017-2021.state.gov/ten-year-memorandum-of-understanding-between-the-united-states-and-israel/,"Oct 1, 2018",2018-10-01 00:00:00+00:00
2021,Aid,Ten-Year Memorandum of Understanding Between the United ...,"Under the terms of the MOU, the United States will set funding for Israel at levels of $3.3 billion in Foreign Military Financing and $500 ...Read more",https://2017-2021.state.gov/ten-year-memorandum-of-understanding-between-the-united-states-and-israel/,"Oct 1, 2018",2018-10-01 00:00:00+00:00
2006,Aid,"In Shadow of War, a Snapshot of US Military Assistance to ...","The current MOU commits the United States to $3.3 billion in annual FMF to Israel, the largest routine FMF package the United States provides on ...Read more",https://www.stimson.org/2023/in-shadow-of-war-a-snapshot-of-u-s-military-assistance-to-israel/,"Oct 13, 2023",2023-10-13 00:00:00+00:00
2022,Aid,Law and Policy Guide to US Arms Transfers to Israel,An Overview of U.S. Military Assistance to Israel​​ U.S. aid to Israel is outlined in a unique 10-year memorandum of understanding (MOU) that ...Read more,https://civiliansinconflict.org/press-coverage/op-ed/law-and-policy-guide-to-us-arms-transfers-to-israel/,"Nov 9, 2023",2023-11-09 00:00:00+00:00
2016,Aid,Law and Policy Guide to US Arms Transfers to Israel,"The most recent MOU was signed in 2016 and pledged $38 billion through 2028. While the MOU is not legally binding, Congress has consistently ...Read more",https://civiliansinconflict.org/press-coverage/op-ed/law-and-policy-guide-to-us-arms-transfers-to-israel/,"Nov 9, 2023",2023-11-09 00:00:00+00:00
2021,Aid,Law and Policy Guide to US Arms Transfers to Israel,An Overview of U.S. Military Assistance to Israel​​ U.S. aid to Israel is outlined in a unique 10-year memorandum of understanding (MOU) that ...Read more,https://civiliansinconflict.org/press-coverage/op-ed/law-and-policy-guide-to-us-arms-transfers-to-israel/,"Nov 9, 2023",2023-11-09 00:00:00+00:00
2019,Aid,Law and Policy Guide to US Arms Transfers to Israel,An Overview of U.S. Military Assistance to Israel​​ U.S. aid to Israel is outlined in a unique 10-year memorandum of understanding (MOU) that ...Read more,https://civiliansinconflict.org/press-coverage/op-ed/law-and-policy-guide-to-us-arms-transfers-to-israel/,"Nov 9, 2023",2023-11-09 00:00:00+00:00
2017,Aid,US military support for Israel: What does it provide?,"The MOU provides a total of $38 billion in military aid over the 10 years, $33 billion in grants to buy military equipment and $5 billion for missile defense ...Read more",https://www.reuters.com/world/middle-east/what-military-support-does-us-provide-israel-2024-04-08/,"Apr 8, 2024",2024-04-08 00:00:00+00:00
2018,Aid,US military support for Israel: What does it provide?,"The MOU provides a total of $38 billion in military aid over the 10 years, $33 billion in grants to buy military equipment and $5 billion for missile defense ...Read more",https://www.reuters.com/world/middle-east/what-military-support-does-us-provide-israel-2024-04-08/,"Apr 8, 2024",2024-04-08 00:00:00+00:00
1996,Aid,Bilateral relations,The U.S. and Israel sign a 10-year Memorandum of Understanding on military aid ... U.S. and Israel sign a $38 billion military aid package for the ...Read more,https://embassies.gov.il/newyork/en/the-consulate/bilateral-relations,"Oct 7, 2024",2024-10-07 00:00:00+00:00
2009,Aid,Bilateral relations,The U.S. and Israel sign a 10-year Memorandum of Understanding on military aid ... U.S. and Israel sign a $38 billion military aid package for the ...Read more,https://embassies.gov.il/newyork/en/the-consulate/bilateral-relations,"Oct 7, 2024",2024-10-07 00:00:00+00:00
2007,Aid,Bilateral relations,The U.S. and Israel sign a 10-year Memorandum of Understanding on military aid ... U.S. and Israel sign a $38 billion military aid package for the ...Read more,https://embassies.gov.il/newyork/en/the-consulate/bilateral-relations,"Oct 7, 2024",2024-10-07 00:00:00+00:00
2008,Aid,Bilateral relations,"israel and usa. The U.S. and Israel sign a 10-year Memorandum of Understanding on military aid, pledging $30 billion. 2008. Image. israel and ...Read more",https://embassies.gov.il/newyork/en/the-consulate/bilateral-relations,"Oct 7, 2024",2024-10-07 00:00:00+00:00
1998,Aid,Bilateral relations,The U.S. and Israel sign a 10-year Memorandum of Understanding on military aid ... U.S. and Israel sign a $38 billion military aid package for the ...Read more,https://embassies.gov.il/newyork/en/the-consulate/bilateral-relations,"Oct 7, 2024",2024-10-07 00:00:00+00:00
2015,Aid,Bilateral relations,"The U.S. and Israel sign a 10-year Memorandum of Understanding on military aid, pledging $30 billion. President George W.Read more",https://embassies.gov.il/newyork/en/the-consulate/bilateral-relations,"Oct 7, 2024",2024-10-07 00:00:00+00:00
2013,Aid,Bilateral relations,"The U.S. and Israel sign a 10-year Memorandum of Understanding on military aid, pledging $30 billion. President George W.Read more",https://embassies.gov.il/newyork/en/the-consulate/bilateral-relations,"Oct 7, 2024",2024-10-07 00:00:00+00:00
2016,Aid,U.S. Security Assistance to Israel,"In 2016, America committed to provide $38 billion under a new 10-year Memorandum of Understanding (MOU). ... U.S.-Israel aid agreement in 1998.Read more",https://www.aipac.org/resources/us-security-assistance-to-israel,"Jan 11, 2025",2025-01-11 00:00:00+00:00
2008,Aid,U.S. Security Assistance to Israel,Assistance primarily takes the form of funding for Israel to purchase the arms needed to defend itself from its adversaries.Read more,https://www.aipac.org/resources/us-security-assistance-to-israel,"Jan 11, 2025",2025-01-11 00:00:00+00:00
2019,Aid,U.S. Security Assistance to Israel,"Beginning in 2019, the new MOU stipulates an annual sum of $3.3 billion in foreign military funding and $500 million for cooperative missile ...Read more",https://www.aipac.org/resources/us-security-assistance-to-israel,"Jan 11, 2025",2025-01-11 00:00:00+00:00
1998,Aid,U.S. Security Assistance to Israel,"Memoranda of Understanding: In 1998, the United States and Israel signed their first 10-year “Memorandum of Agreement on Security Cooperation” ...Read more",https://www.aipac.org/resources/us-security-assistance-to-israel,"Jan 11, 2025",2025-01-11 00:00:00+00:00
2025,Aid,H.R.1229 - 119th Congress (2025-2026): United States- ...,"A bill to enhance bilateral defense cooperation between the United States and Israel, and for other purposes.Read more",https://www.congress.gov/bill/119th-congress/house-bill/1229/text,"Feb 12, 2025",2025-02-12 00:00:00+00:00
2024,Aid,Military Assistance to Israel,"Since taking office, the Trump Administration has approved nearly $12 billion in major FMS sales to Israel. This important decision ...Read more",https://www.state.gov/military-assistance-to-israel,"Mar 1, 2025",2025-03-01 00:00:00+00:00
2022,Aid,U.S. Security Cooperation with Israel,The United States has provided Israel with over $130 billion in bilateral assistance focused on addressing new and complex security threats.Read more,https://www.state.gov/u-s-security-cooperation-with-israel,"Apr 25, 2025",2025-04-25 00:00:00+00:00
2019,Aid,U.S. Security Cooperation with Israel,The United States has provided Israel with over $130 billion in bilateral assistance focused on addressing new and complex security threats.Read more,https://www.state.gov/u-s-security-cooperation-with-israel,"Apr 25, 2025",2025-04-25 00:00:00+00:00
2023,Aid,U.S. Security Cooperation with Israel,The United States has provided Israel with over $130 billion in bilateral assistance focused on addressing new and complex security threats.Read more,https://www.state.gov/u-s-security-cooperation-with-israel,"Apr 25, 2025",2025-04-25 00:00:00+00:00
2018,Aid,U.S. Security Cooperation with Israel,The United States has provided Israel with over $130 billion in bilateral assistance focused on addressing new and complex security threats.Read more,https://www.state.gov/u-s-security-cooperation-with-israel,"Apr 25, 2025",2025-04-25 00:00:00+00:00
2011,Aid,U.S. Security Cooperation with Israel,The United States has provided Israel with over $130 billion in bilateral assistance focused on addressing new and complex security threats.Read more,https://www.state.gov/u-s-security-cooperation-with-israel,"Apr 25, 2025",2025-04-25 00:00:00+00:00
2014,Aid,U.S. Security Cooperation with Israel,The United States has provided Israel with over $130 billion in bilateral assistance focused on addressing new and complex security threats.Read more,https://www.state.gov/u-s-security-cooperation-with-israel,"Apr 25, 2025",2025-04-25 00:00:00+00:00
2025,Aid,U.S. Security Cooperation with Israel,The United States has provided Israel with over $130 billion in bilateral assistance focused on addressing new and complex security threats.Read more,https://www.state.gov/u-s-security-cooperation-with-israel,"Apr 25, 2025",2025-04-25 00:00:00+00:00
2019,Aid,U.S. Foreign Aid to Israel,"In 2016, the U.S. and Israeli governments signed their third 10-year Memorandum of Understanding (MOU) on military aid, covering FY2019 to FY ...",https://www.congress.gov/crs_external_products/RL/PDF/RL33222/RL33222.51.pdf,"May 12, 2025",2025-05-12 00:00:00+00:00
2018,Aid,U.S. Foreign Aid to Israel,"Under the terms of the MOU, the United States pledged to provide—subject to congressional appropriation—$38 billion in military aid ($33 billion ...Read more",https://www.congress.gov/crs_external_products/RL/PDF/RL33222/RL33222.51.pdf,"May 12, 2025",2025-05-12 00:00:00+00:00
2023,Aid,U.S. Foreign Aid to Israel,"Under the terms of the MOU, the United States pledged to provide—subject to congressional appropriation—$38 billion in military aid ($33 billion ...Read more",https://www.congress.gov/crs_external_products/RL/PDF/RL33222/RL33222.51.pdf,"May 12, 2025",2025-05-12 00:00:00+00:00
2000,Aid,U.S. Foreign Aid to Israel,"Under the terms of the MOU, the United States pledged to provide—subject to congressional appropriation—$38 billion in military aid ($33 billion ...Read more",https://www.congress.gov/crs_external_products/RL/PDF/RL33222/RL33222.51.pdf,"May 12, 2025",2025-05-12 00:00:00+00:00
2021,Aid,U.S. Foreign Aid to Israel,"Under the terms of the MOU, the United States pledged to provide—subject to congressional appropriation—$38 billion in military aid ($33 billion ...Read more",https://www.congress.gov/crs_external_products/RL/PDF/RL33222/RL33222.51.pdf,"May 12, 2025",2025-05-12 00:00:00+00:00
2017,Aid,U.S. Foreign Aid to Israel,"Under the terms of the MOU, the United States pledged to provide—subject to congressional appropriation—$38 billion in military aid ($33 billion ...Read more",https://www.congress.gov/crs_external_products/RL/PDF/RL33222/RL33222.51.pdf,"May 12, 2025",2025-05-12 00:00:00+00:00
2001,Aid,U.S. Foreign Aid to Israel,"Under the terms of the MOU, the United States pledged to provide—subject to congressional appropriation—$38 billion in military aid ($33 billion ...Read more",https://www.congress.gov/crs_external_products/RL/PDF/RL33222/RL33222.51.pdf,"May 12, 2025",2025-05-12 00:00:00+00:00
2024,Aid,U.S. Foreign Aid to Israel,"Under the terms of the MOU, the United States pledged to provide—subject to congressional appropriation—$38 billion in military aid ($33 billion ...Read more",https://www.congress.gov/crs_external_products/RL/PDF/RL33222/RL33222.51.pdf,"May 12, 2025",2025-05-12 00:00:00+00:00
2022,Aid,U.S. Foreign Aid to Israel,"Under the terms of the MOU, the United States pledged to provide—subject to congressional appropriation—$38 billion in military aid ($33 billion ...Read more",https://www.congress.gov/crs_external_products/RL/PDF/RL33222/RL33222.51.pdf,"May 12, 2025",2025-05-12 00:00:00+00:00
2023,Aid,U.S. Foreign Aid to Israel: Overview and Developments ...,"Under the terms of the MOU, the United States pledged to provide—subject to congressional appropriation—$38 billion in military aid ($33 billion ...Read more",https://sgp.fas.org/crs/mideast/RL33222.pdf,"May 28, 2025",2025-05-28 00:00:00+00:00
2020,Aid,U.S. Foreign Aid to Israel: Overview and Developments ...,"Under the terms of the MOU, the United States pledged to provide—subject to congressional appropriation—$38 billion in military aid ($33 billion ...Read more",https://sgp.fas.org/crs/mideast/RL33222.pdf,"May 28, 2025",2025-05-28 00:00:00+00:00
1997,Aid,U.S. Foreign Aid to Israel: Overview and Developments ...,"Under the terms of the MOU, the United States pledged to provide—subject to congressional appropriation—$38 billion in military aid ($33 billion ...Read more",https://sgp.fas.org/crs/mideast/RL33222.pdf,"May 28, 2025",2025-05-28 00:00:00+00:00
2021,Aid,U.S. Foreign Aid to Israel: Overview and Developments ...,"Under the terms of the MOU, the United States pledged to provide—subject to congressional appropriation—$38 billion in military aid ($33 billion ...Read more",https://sgp.fas.org/crs/mideast/RL33222.pdf,"May 28, 2025",2025-05-28 00:00:00+00:00
2022,Aid,U.S. Foreign Aid to Israel: Overview and Developments ...,"Under the terms of the MOU, the United States pledged to provide—subject to congressional appropriation—$38 billion in military aid ($33 billion ...Read more",https://sgp.fas.org/crs/mideast/RL33222.pdf,"May 28, 2025",2025-05-28 00:00:00+00:00
1996,Aid,U.S. Foreign Aid to Israel: Overview and Developments ...,"Under the terms of the MOU, the United States pledged to provide—subject to congressional appropriation—$38 billion in military aid ($33 billion ...Read more",https://sgp.fas.org/crs/mideast/RL33222.pdf,"May 28, 2025",2025-05-28 00:00:00+00:00
2024,Aid,U.S. Foreign Aid to Israel: Overview and Developments ...,"Under the terms of the MOU, the United States pledged to provide—subject to congressional appropriation—$38 billion in military aid ($33 billion ...Read more",https://sgp.fas.org/crs/mideast/RL33222.pdf,"May 28, 2025",2025-05-28 00:00:00+00:00
2011,Aid,U.S. Foreign Aid to Israel: Overview and Developments ...,"Under the terms of the MOU, the United States pledged to provide—subject to congressional appropriation—$38 billion in military aid ($33 billion ...Read more",https://sgp.fas.org/crs/mideast/RL33222.pdf,"May 28, 2025",2025-05-28 00:00:00+00:00
2018,Aid,U.S. Foreign Aid to Israel: Overview and Developments ...,"Under the terms of the MOU, the United States pledged to provide—subject to congressional appropriation—$38 billion in military aid ($33 billion ...Read more",https://sgp.fas.org/crs/mideast/RL33222.pdf,"May 28, 2025",2025-05-28 00:00:00+00:00
1998,Aid,U.S. Foreign Aid to Israel: Overview and Developments ...,"Under the terms of the MOU, the United States pledged to provide—subject to congressional appropriation—$38 billion in military aid ($33 billion ...Read more",https://sgp.fas.org/crs/mideast/RL33222.pdf,"May 28, 2025",2025-05-28 00:00:00+00:00
2005,Aid,U.S. Foreign Aid to Israel: Overview and Developments ...,"Under the terms of the MOU, the United States pledged to provide—subject to congressional appropriation—$38 billion in military aid ($33 billion ...Read more",https://sgp.fas.org/crs/mideast/RL33222.pdf,"May 28, 2025",2025-05-28 00:00:00+00:00
2004,Aid,U.S. Foreign Aid to Israel: Overview and Developments ...,"Under the terms of the MOU, the United States pledged to provide—subject to congressional appropriation—$38 billion in military aid ($33 billion ...Read more",https://sgp.fas.org/crs/mideast/RL33222.pdf,"May 28, 2025",2025-05-28 00:00:00+00:00
2015,Aid,U.S. Foreign Aid to Israel: Overview and Developments ...,"Under the terms of the MOU, the United States pledged to provide—subject to congressional appropriation—$38 billion in military aid ($33 billion ...Read more",https://sgp.fas.org/crs/mideast/RL33222.pdf,"May 28, 2025",2025-05-28 00:00:00+00:00
2014,Aid,U.S. Foreign Aid to Israel: Overview and Developments ...,"Under the terms of the MOU, the United States pledged to provide—subject to congressional appropriation—$38 billion in military aid ($33 billion ...Read more",https://sgp.fas.org/crs/mideast/RL33222.pdf,"May 28, 2025",2025-05-28 00:00:00+00:00
2003,Aid,U.S. Foreign Aid to Israel: Overview and Developments ...,"Under the terms of the MOU, the United States pledged to provide—subject to congressional appropriation—$38 billion in military aid ($33 billion ...Read more",https://sgp.fas.org/crs/mideast/RL33222.pdf,"May 28, 2025",2025-05-28 00:00:00+00:00
2002,Aid,U.S. Foreign Aid to Israel: Overview and Developments ...,"Under the terms of the MOU, the United States pledged to provide—subject to congressional appropriation—$38 billion in military aid ($33 billion ...Read more",https://sgp.fas.org/crs/mideast/RL33222.pdf,"May 28, 2025",2025-05-28 00:00:00+00:00
2007,Aid,U.S. Foreign Aid to Israel: Overview and Developments ...,"Under the terms of the MOU, the United States pledged to provide—subject to congressional appropriation—$38 billion in military aid ($33 billion ...Read more",https://sgp.fas.org/crs/mideast/RL33222.pdf,"May 28, 2025",2025-05-28 00:00:00+00:00
2008,Aid,U.S. Foreign Aid to Israel: Overview and Developments ...,"Under the terms of the MOU, the United States pledged to provide—subject to congressional appropriation—$38 billion in military aid ($33 billion ...Read more",https://sgp.fas.org/crs/mideast/RL33222.pdf,"May 28, 2025",2025-05-28 00:00:00+00:00
2016,Aid,U.S. Foreign Aid to Israel: Overview and Developments ...,"In 2016, the U.S. and Israeli governments signed their third 10-year Memorandum of Understanding (MOU) on military aid, covering FY2019 to FY ...",https://sgp.fas.org/crs/mideast/RL33222.pdf,"May 28, 2025",2025-05-28 00:00:00+00:00
2001,Aid,U.S. Foreign Aid to Israel: Overview and Developments ...,"Under the terms of the MOU, the United States pledged to provide—subject to congressional appropriation—$38 billion in military aid ($33 billion ...Read more",https://sgp.fas.org/crs/mideast/RL33222.pdf,"May 28, 2025",2025-05-28 00:00:00+00:00
2017,Aid,U.S. Foreign Aid to Israel: Overview and Developments ...,"Under the terms of the MOU, the United States pledged to provide—subject to congressional appropriation—$38 billion in military aid ($33 billion ...Read more",https://sgp.fas.org/crs/mideast/RL33222.pdf,"May 28, 2025",2025-05-28 00:00:00+00:00
2000,Aid,U.S. Foreign Aid to Israel: Overview and Developments ...,"Under the terms of the MOU, the United States pledged to provide—subject to congressional appropriation—$38 billion in military aid ($33 billion ...Read more",https://sgp.fas.org/crs/mideast/RL33222.pdf,"May 28, 2025",2025-05-28 00:00:00+00:00
2013,Aid,U.S. Foreign Aid to Israel: Overview and Developments ...,"Under the terms of the MOU, the United States pledged to provide—subject to congressional appropriation—$38 billion in military aid ($33 billion ...Read more",https://sgp.fas.org/crs/mideast/RL33222.pdf,"May 28, 2025",2025-05-28 00:00:00+00:00
2009,Aid,U.S. Foreign Aid to Israel: Overview and Developments ...,"$30 billion military aid package for the 10-year period from FY2009 ... 10-year, $38 billion Memorandum of Understanding (MOU) on military aid, ...Read more",https://sgp.fas.org/crs/mideast/RL33222.pdf,"May 28, 2025",2025-05-28 00:00:00+00:00
2012,Aid,U.S. Foreign Aid to Israel: Overview and Developments ...,"Under the terms of the MOU, the United States pledged to provide—subject to congressional appropriation—$38 billion in military aid ($33 billion ...Read more",https://sgp.fas.org/crs/mideast/RL33222.pdf,"May 28, 2025",2025-05-28 00:00:00+00:00
2010,Aid,U.S. Foreign Aid to Israel: Overview and Developments ...,"Under the terms of the MOU, the United States pledged to provide—subject to congressional appropriation—$38 billion in military aid ($33 billion ...Read more",https://sgp.fas.org/crs/mideast/RL33222.pdf,"May 28, 2025",2025-05-28 00:00:00+00:00
1999,Aid,U.S. Foreign Aid to Israel: Overview and Developments ...,"Under the terms of the MOU, the United States pledged to provide—subject to congressional appropriation—$38 billion in military aid ($33 billion ...Read more",https://sgp.fas.org/crs/mideast/RL33222.pdf,"May 28, 2025",2025-05-28 00:00:00+00:00
2019,Aid,U.S. Foreign Aid to Israel: Overview and Developments ...,"In 2016, the U.S. and Israeli governments signed their third 10-year Memorandum of Understanding (MOU) on military aid, covering FY2019 to FY ...",https://sgp.fas.org/crs/mideast/RL33222.pdf,"May 28, 2025",2025-05-28 00:00:00+00:00
2006,Aid,U.S. Foreign Aid to Israel: Overview and Developments ...,"Under the terms of the MOU, the United States pledged to provide—subject to congressional appropriation—$38 billion in military aid ($33 billion ...Read more",https://sgp.fas.org/crs/mideast/RL33222.pdf,"May 28, 2025",2025-05-28 00:00:00+00:00
2022,Aid,Bilateral relations | Ministry of Foreign Affairs,"The U.S. House of Representatives approves a $14.5 billion military aid package for Israel, in response to the war in Gaza. 2024. Image . U.S. ...Read more",https://embassies.gov.il/usa/en/the-embassy/bilateral-relations,"Jul 24, 2025",2025-07-24 00:00:00+00:00
2020,Aid,Bilateral relations | Ministry of Foreign Affairs,"The U.S. House of Representatives approves a $14.5 billion military aid package for Israel, in response to the war in Gaza. 2024. Image . U.S. ...Read more",https://embassies.gov.il/usa/en/the-embassy/bilateral-relations,"Jul 24, 2025",2025-07-24 00:00:00+00:00
2023,Aid,"U.S. Military Aid and Arms Transfers to Israel, October 2023","The United States has provided at least $21.7 billion in military aid to Israel since the start of the war in Gaza on October 7, 2023.Read more",https://quincyinst.org/research/u-s-military-aid-and-arms-transfers-to-israel-october-2023-september-2025/,"Oct 7, 2025",2025-10-07 00:00:00+00:00
2024,Aid,Israel seeks 20-year military aid deal with U.S.,"Israel is seeking a new 20-year security agreement with the U.S. — doubling the usual term and adding ""America First"" provisions to win the ...Read more",https://www.axios.com/2025/11/13/israel-military-aid-us-billions-20-years,"Nov 13, 2025",2025-11-13 00:00:00+00:00
2025,Aid,Israel seeks 20-year military aid deal with U.S.,"Israel is seeking a new 20-year security agreement with the U.S. — doubling the usual term and adding ""America First"" provisions to win the ...Read more",https://www.axios.com/2025/11/13/israel-military-aid-us-billions-20-years,"Nov 13, 2025",2025-11-13 00:00:00+00:00
2021,Aid,Doubling Down on US Aid to Israel with a 20 Year MOU ...,“The United States gave Israel nearly $18 billion in weapons aid over the two years of the Gaza war – and Israel repeatedly used those US- ...Read more,https://internationalpolicy.org/publications/doubling-down-on-us-aid-to-israel-with-a-20-year-mou-should-be-a-nonstarter/,"Nov 17, 2025",2025-11-17 00:00:00+00:00
2020,Aid,Doubling Down on US Aid to Israel with a 20 Year MOU ...,“The United States gave Israel nearly $18 billion in weapons aid over the two years of the Gaza war – and Israel repeatedly used those US- ...Read more,https://internationalpolicy.org/publications/doubling-down-on-us-aid-to-israel-with-a-20-year-mou-should-be-a-nonstarter/,"Nov 17, 2025",2025-11-17 00:00:00+00:00
2024,Aid,Doubling Down on US Aid to Israel with a 20 Year MOU ...,“Israel's reported request that American taxpayers provide it with billions of dollars more in military aid every year for the next two decades ...Read more,https://internationalpolicy.org/publications/doubling-down-on-us-aid-to-israel-with-a-20-year-mou-should-be-a-nonstarter/,"Nov 17, 2025",2025-11-17 00:00:00+00:00
2025,Aid,Doubling Down on US Aid to Israel with a 20 Year MOU ...,“Israel's reported request that American taxpayers provide it with billions of dollars more in military aid every year for the next two decades ...Read more,https://internationalpolicy.org/publications/doubling-down-on-us-aid-to-israel-with-a-20-year-mou-should-be-a-nonstarter/,"Nov 17, 2025",2025-11-17 00:00:00+00:00
2025,Aid,What Every American Should Know About U.S. Aid to Israel,Trump Administration $4 Billion Aid: U.S. Secretary of State Marco Rubio signed a declaration in March 2025 to fast-track approximately $4 ...Read more,https://www.ajc.org/news/what-every-american-should-know-about-us-aid-to-israel,"Nov 24, 2025",2025-11-24 00:00:00+00:00
2022,Aid,A 20-Year MOU With Israel Is Not in the US Interest,"The current MOU, signed by President Obama in 2016 and set to expire in 2028, represents more than $38 billion in security assistance, excluding ...Read more",https://www.stimson.org/2025/a-20-year-mou-with-israel-is-not-in-the-us-interest/,"Nov 25, 2025",2025-11-25 00:00:00+00:00
2021,Aid,A 20-Year MOU With Israel Is Not in the US Interest,"The current MOU, signed by President Obama in 2016 and set to expire in 2028, represents more than $38 billion in security assistance, excluding ...Read more",https://www.stimson.org/2025/a-20-year-mou-with-israel-is-not-in-the-us-interest/,"Nov 25, 2025",2025-11-25 00:00:00+00:00
2024,Aid,A 20-Year MOU With Israel Is Not in the US Interest,"The current MOU, signed by President Obama in 2016 and set to expire in 2028, represents more than $38 billion in security assistance, excluding ...Read more",https://www.stimson.org/2025/a-20-year-mou-with-israel-is-not-in-the-us-interest/,"Nov 25, 2025",2025-11-25 00:00:00+00:00
2020,Aid,A 20-Year MOU With Israel Is Not in the US Interest,"The current MOU, signed by President Obama in 2016 and set to expire in 2028, represents more than $38 billion in security assistance, excluding ...Read more",https://www.stimson.org/2025/a-20-year-mou-with-israel-is-not-in-the-us-interest/,"Nov 25, 2025",2025-11-25 00:00:00+00:00
2025,Aid,A 20-Year MOU With Israel Is Not in the US Interest,"The current MOU, signed by President Obama in 2016 and set to expire in 2028, represents more than $38 billion in security assistance, excluding ...Read more",https://www.stimson.org/2025/a-20-year-mou-with-israel-is-not-in-the-us-interest/,"Nov 25, 2025",2025-11-25 00:00:00+00:00
1999,Aid,A 20-Year MOU With Israel Is Not in the US Interest,The 2016 MOU outlines $3.3 billion in foreign military financing – taxpayer-funded grants for Israel to purchase U.S. defense articles and ...Read more,https://www.stimson.org/2025/a-20-year-mou-with-israel-is-not-in-the-us-interest/,"Nov 25, 2025",2025-11-25 00:00:00+00:00
2023,Aid,A 20-Year MOU With Israel Is Not in the US Interest,"The current MOU, signed by President Obama in 2016 and set to expire in 2028, represents more than $38 billion in security assistance, excluding ...Read more",https://www.stimson.org/2025/a-20-year-mou-with-israel-is-not-in-the-us-interest/,"Nov 25, 2025",2025-11-25 00:00:00+00:00
