query,title,link,snippet,source,date,source_csv,epstein,netanyahu,musk,oracle,aml,fatf,money lau,offsh,finan,pep
"""SWIFT"" + ""AML"" + ""Epstein names"" + ""redacted"" after:2025-12-19","X's Privacy Policy Pivot: From ""Free Speech Absolutism"" to ...",https://www.compliancehub.wiki/xs-privacy-policy-pivot-from-free-speech-absolutism-to-eu-compliance-and-why-your-biometric-data-is-going-to-israel/,"On the same day the DOJ released heavily-redacted Epstein files, both chambers of Congress introduced legislation that could destroy the internet as we know it— ...",Compliance Hub Wiki,7 hours ago,PEP,1,0,0,0,0,0,0,0,0,0
"""SWIFT"" + ""AML"" + ""Epstein names"" + ""redacted"" after:2025-12-19",DOJ WILL MISS TODAY'S DEADLINE TO RELEASE ALL ...,https://www.tiktok.com/@theplanker/video/7585588455300812045,Nothing screams transparency like a highly controlled release of the files they've been redacting for nearly a year. 6h agoReply. 15.,TikTok · Alex Plank,,PEP,0,0,0,0,0,0,0,0,0,0
"""SWIFT"" + ""AML"" + ""Epstein names"" + ""redacted"" after:2025-12-19",news-sitemap.xml,https://indianexpress.com/news-sitemap.xml,... epstein-files-release-after-former-us-president-pictured-in-hot-tub-swimming ... redacted documents and photos of celebrities released</news:title> ...,The Indian Express,3 hours ago,PEP,1,0,0,0,0,0,0,0,0,0
"""SWIFT"" + ""AML"" + ""Epstein names"" + ""redacted"" after:2025-12-19",Another conspiracy theory proven to be factual,https://www.facebook.com/groups/329345591644089/posts/1553228809255755/,This video exposes names from the Jeffrey Epstein Log. Why the media blackout? It's time for social media to amplify the message and demand answers. What do ...,Facebook,,PEP,1,0,0,0,0,0,0,0,0,0
"""SWIFT"" + ""AML"" + ""Epstein names"" + ""redacted"" after:2025-12-19",BunkerCoin to USD Chart Rates in Pakistan Rupee,https://www.urdupoint.com/business/crypto/bunker-to-pkr.html,"... AML Bitcoin (ABTC), Brr (BRR), YUMMY, Arcona (ARCONA), Deipool, Sesameseed (SEED) ... Epstein Token, KingDeFi, PolkaWar, NotSafeMoon, Covalent, Peach.Finance ...",UrduPoint,1 day ago,PEP,1,0,0,0,1,0,0,0,1,0
"""SWIFT"" + ""AML"" + ""Epstein names"" + ""redacted"" after:2025-12-19",Letter to the FCA re Bluebird Email and a Christmas day ...,https://shareprophets.com/views/84008/letter-to-the-fca-re-bluebird-email-and-a-christmas-day-present-heads-up,"To: NAME REDACTED. Sent: Friday 12 September 2025 at 12:17:02 CEST. Subject: RE: Convertible loan status. Dear xxxxx,. Thank you for your email and for raising ...",ShareProphets,1 day ago,PEP,0,0,0,0,0,0,0,0,0,0
"""SWIFT"" + ""AML"" + ""Epstein names"" + ""redacted"" after:2025-12-19",Fox News,https://indiamirror.net/index.php/en/,Fresh Epstein photos released by House D… 18-12-2025. House Democrats released additional photographs and redacted documents from Jeffrey Epstein's estate ...,indiamirror.net,1 day ago,PEP,1,0,0,0,0,0,0,0,0,0
"""High Risk"" + ""banking"" + ""Epstein list"" + ""redacted"" after:2025-12-19","The Epstein files are heavily redacted, including contact ...",https://fortune.com/2025/12/19/epstein-files-heavily-redacted-contact-info-donald-trump-celebrities-bankers/,"US Attorney for the Southern District of New York Geoffrey Berman announces charges against Jeffery Epstein on July 8, 2019 in New York City.",Fortune,13 hours ago,PEP,1,0,0,0,0,0,0,0,0,0
"""High Risk"" + ""banking"" + ""Epstein list"" + ""redacted"" after:2025-12-19",A Trove of Epstein Files Has Already Been Released,https://www.wsj.com/politics/policy/a-guide-to-the-epstein-files-and-other-materials-released-so-far-01356b24?gaa_at=eafs&gaa_n=AWEtsqePtNESToZmicfSYRfEfBkVnPHS9DNlGeVOaKFon1QqGVNBHGzygiDA&gaa_ts=69469de9&gaa_sig=zNkjlvRkLSjDrKwwzRzcuQziJTH8X5VQ5nkQxBn3h8eyNU9_kCX2N5-4p_b9EX5o8V6GYiVgMr-09-Deqk2r_w%3D%3D,"Banking records, photos, emails and his 50th birthday book were previously made public. This is a guide to what's out there.",The Wall Street Journal,13 hours ago,PEP,0,0,0,0,0,0,0,0,0,0
"""High Risk"" + ""banking"" + ""Epstein list"" + ""redacted"" after:2025-12-19",LIST: Which public figures are in the Epstein files?,https://komonews.com/news/nation-world/which-public-figures-are-in-epstein-files-bill-clinton-diana-ross-michael-jackson-mick-jagger-kevin-spacey-chris-tucker-phil-collins-minnie-driver-wiesel-names-images-documents,"In one, Clinton appears with Ghislaine Maxwell at the Winston Churchill War Rooms in London. Other photographs show Clinton in a hot tub, as well as posed with ...",KOMO,13 hours ago,PEP,0,0,0,0,0,0,0,0,0,0
"""High Risk"" + ""banking"" + ""Epstein list"" + ""redacted"" after:2025-12-19","Justice Department releases Epstein files, with redactions ...",https://www.latimes.com/politics/story/2025-12-19/justice-dept-friday-deadline-epstein-files,"The Justice Department released a library of files on Friday related to Jeffrey Epstein, partially complying with a new federal law compelling their release ...",Los Angeles Times,15 hours ago,PEP,1,0,0,0,0,0,0,0,0,0
"""High Risk"" + ""banking"" + ""Epstein list"" + ""redacted"" after:2025-12-19","Epstein file trove includes celebrity photos, redacted records",https://www.bostonglobe.com/2025/12/20/business/epstein-file-trove-includes-celebrity-photos-redacted-records/,"The US Justice Department released thousands of pages of pictures, phone records and notes from investigations into notorious sex offender Jeffrey Epstein, ...",The Boston Globe,1 hour ago,PEP,1,0,0,0,0,0,0,0,0,0
"""High Risk"" + ""banking"" + ""Epstein list"" + ""redacted"" after:2025-12-19",Epstein Files Released By DOJ,https://www.forbes.com/sites/alisondurkee/2025/12/19/epstein-files-released---including-many-clinton-photos-heres-everything-we-know-live-updates/,"The first batch of documents include photos of high-profile figures including former President Bill Clinton, Walter Cronkite and Michael Jackson.",Forbes,15 hours ago,PEP,0,0,0,0,0,0,0,0,0,0
"""High Risk"" + ""banking"" + ""Epstein list"" + ""redacted"" after:2025-12-19","US Epstein files release highlights Clinton, makes scant ...",https://www.reuters.com/world/us/trump-administration-officials-race-meet-friday-deadline-epstein-files-2025-12-19/,"Trump for years promoted conspiracy theories about Epstein, but the case has turned into a political liability for him.",Reuters,1 hour ago,PEP,1,0,0,0,0,0,0,0,0,0
"""High Risk"" + ""banking"" + ""Epstein list"" + ""redacted"" after:2025-12-19",DOJ starts releasing some classified Epstein files in wake ...,https://cbsaustin.com/news/nation-world/jeffrey-epstein-files-released-classified-documents-house-oversight-committee-president-donald-trump-bill-clinton-bill-gates-steve-bannon-richard-branson-ghislaine-maxwell,"Classified files relating to disgraced financier Jeffrey Epstein were made public after certain politicians, as well as many others, pushed for their ...",KEYE,10 hours ago,PEP,1,0,0,0,0,0,0,0,1,0
"""High Risk"" + ""banking"" + ""Epstein list"" + ""redacted"" after:2025-12-19",Here's a look at some of the photos included in ...,https://www.facebook.com/wtae4/posts/heres-a-look-at-some-of-the-photos-included-in-the-thousands-of-files-released-f/1310131497820325/,Michael Lorish That law allows for redactions about the victims or ongoing investigations but makes clear no records shall be withheld or redacted due to “ ...,Facebook · WTAE-TV Pittsburgh,,PEP,0,0,0,0,0,0,0,0,0,0
"""FATF"" + ""money laundering"" + ""Epstein files"" after:2025-12-18","Dalung Slams Tinubu Over Fuel Subsidy Removal,...",https://www.instagram.com/p/DSaC3Splg_O/,Comptroller Chidi also congratulated Nigeria on its recent delisting from the Financial Action Task Force (FATF) ... Money Laundering obligations at all borders.,Instagram · cyberfeeds.news,,PEP,0,0,0,0,0,1,1,0,1,0
"""FATF"" + ""money laundering"" + ""Epstein files"" after:2025-12-18",The equivalent of 42500! Mind blowing!,https://www.facebook.com/groups/RealProgressives/posts/3379502685547930/,"... Epstein files. History doesn't repeat itself—but it absolutely ... In 2020, the intergovernmental anti-money laundering Financial Action Task Force (FATF) ...",Facebook,,PEP,1,0,0,0,0,1,1,0,1,0
"""FATF"" + ""money laundering"" + ""Epstein files"" after:2025-12-18",SC and IRB strengthen cooperation to fight financial crime,https://thesun.my/business/local-business/sc-and-irb-strengthen-cooperation-to-fight-financial-crime/,... FATF Mutual Evaluation process. Mohammad Faiz said this achievement not only demonstrates Malaysia's firm commitment to combating money laundering ...,The Sun Malaysia,22 hours ago,PEP,0,0,0,0,0,1,1,0,0,0
"""FATF"" + ""money laundering"" + ""Epstein files"" after:2025-12-18",ED Cracks Down on Illegal Online Gambling Networks in ...,https://www.wionews.com/videos/ed-cracks-down-on-illegal-online-gambling-networks-in-india-1766220548176/amp,"... money laundering case ... Epstein Files: Over 300,000 Files and Documents Released by Dept of Justice. Slide 44 ...",WION,4 hours ago,PEP,1,0,0,0,0,0,1,0,0,0
"""FATF"" + ""money laundering"" + ""Epstein files"" after:2025-12-18",Latest legal Articles written by imminent writers ...,https://www.legalserviceindia.com/articles/articles.html,"Epstein Files Explained: Shocking Truth Behind Jeffrey Epstein Scandal ... Money Laundering in India: PMLA, Enforcement Directorate, FIU-IND, FATF ...",Legal Service India,18 hours ago,PEP,1,0,0,0,0,1,1,0,0,0
"""FATF"" + ""money laundering"" + ""Epstein files"" after:2025-12-18",More from Premium,https://indianexpress.com/about/express-premium/page/461/?_gl=1%2Afrnrk0%2A_ga%2AdnM0eFR0aXA0ZjlVQTRLc0lLMHV6ZXd1OTBkcDFLLVlWenhodUN5TnNrVHhIMmdCQURGLXhmaFFzVWFuTjQ4MQ..%2A_ga_HEQWL2KPC5%2AMTc1ODA5NjMwMS4xLjEuMTc1ODA5NjMwMi4wLjAuMA..&ref=premium-page,"... FATF, Mohamed Daoud, Money Laundering Act, Prevention of · Harikishan Sharma ... Epstein files released: What they reveal — and what they redact ...",The Indian Express,2 hours ago,PEP,1,0,0,0,0,1,1,0,0,0
"""FATF"" + ""money laundering"" + ""Epstein files"" after:2025-12-18","L-R: Director Pink, Wangi Mba-Uzoukwu, Yemisi Falaye, ...",https://www.instagram.com/p/DSaO4X0lkfT/,Comptroller Chidi also congratulated Nigeria on its recent delisting from the Financial Action Task Force (FATF) ... Money Laundering obligations at all borders.,Instagram · cyberfeeds.news,,PEP,0,0,0,0,0,1,1,0,1,0
"""Netanyahu"" + ""offshore"" OR ""PEP"" OR ""AML"" after:2025-12-15",'A historic moment': Netanyahu announces $34.7 billion ...,https://www.timesofisrael.com/historic-moment-netanyahu-announces-record-natural-gas-deal-with-egypt/,... Netanyahu said. 00:00 / 00:00. 00:00 ... Both Israel and Egypt have emerged as gas exporters in recent years following major offshore discoveries.,The Times of Israel,3 days ago,PEP,0,1,0,0,0,0,0,1,0,0
"""Netanyahu"" + ""offshore"" OR ""PEP"" OR ""AML"" after:2025-12-15",Netanyahu Announces 'Largest Ever' $35 Billion Israel- ...,https://www.haaretz.com/israel-news/2025-12-18/ty-article/.premium/netanyahu-announces-largest-ever-35-billion-israel-egypt-natural-gas-deal/0000019b-3090-d932-a7bf-7fb1158f0000,"The Leviathan offshore field. ... Prime Minister Benjamin Netanyahu announced on Wednesday that he had approved an agreement to supply natural gas to Egypt, ...",Haaretz,2 days ago,PEP,0,1,0,0,0,0,0,1,0,0
"""Netanyahu"" + ""offshore"" OR ""PEP"" OR ""AML"" after:2025-12-15",Israel approves 34.7-bln-USD gas deal with Egypt,https://english.news.cn/20251218/14e98765345b41c9b2cd99aeb3e64580/c.html,"Energy Minister Eli Cohen, speaking alongside Netanyahu, described the ... Israel became a natural gas producer after the discovery of major offshore ...",Xinhua,3 days ago,PEP,0,1,0,0,0,0,0,1,0,0
"""Netanyahu"" + ""offshore"" OR ""PEP"" OR ""AML"" after:2025-12-15",Israel to Launch Bid Round Despite Ongoing Tensions - MEES,https://www.mees.com/2025/12/19/oil-gas/israel-to-launch-bid-round-despite-ongoing-tensions/ed5d5a90-dcd2-11f0-bd14-b3efbed5ad44,Israel will launch its fifth offshore bid round in the coming weeks. It will be the first since the events of 7 October 2023 and comes despite awards from.,mees.com,24 hours ago,PEP,0,0,0,0,0,0,0,1,0,0
"""Netanyahu"" + ""offshore"" OR ""PEP"" OR ""AML"" after:2025-12-15",Israel's largest export deal ever is officially heading to Africa,https://africa.businessinsider.com/local/markets/israels-largest-export-deal-ever-is-officially-heading-to-africa/4sn4lr1,"Israel has formally approved its long-awaited natural gas export deal with Egypt, as relayed by the countrys Prime Minister Benjamin Netanyahu on Wednesday.",Business Insider Africa,2 days ago,PEP,0,1,0,0,0,0,0,0,0,0
"""Netanyahu"" + ""offshore"" OR ""PEP"" OR ""AML"" after:2025-12-15",Israel Approves $35 Billion Deal To Export Natural Gas ...,https://www.bloomberg.com/news/articles/2025-12-17/israel-approves-35-billion-deal-to-export-natural-gas-to-egypt,"Israel approved a deal to supply natural gas to Egypt from 2026 to 2040, with Prime Minister Benjamin Netanyahu labeling it ""the largest gas deal in Israel's ...",Bloomberg.com,3 days ago,PEP,0,1,0,0,0,0,0,0,0,0
"""Netanyahu"" + ""offshore"" OR ""PEP"" OR ""AML"" after:2025-12-15",Egypt bankrolls Israel's war crimes with $35bn gas deal - Canary,https://www.thecanary.co/global/2025/12/19/egypt-bankrolls-israel/,"Netanyahu has approved 'Israel's' largest energy deal ever — a $35 billion ... In October 2023, the Israeli occupation granted offshore gas exploration licences ...",thecanary.co,13 hours ago,PEP,0,1,0,0,0,0,0,1,0,0
"""Netanyahu"" + ""offshore"" OR ""PEP"" OR ""AML"" after:2025-12-15",Benjamin Netanyahu approves $35bn #Israel-#Egypt gas ...,https://x.com/addisstandard/status/2001609945125441555,"Addis Standard (@addisstandard). 10 likes. Benjamin Netanyahu approves $35bn #Israel-#Egypt gas deal Israel has granted an export ... offshore gasfield, co-owned ...",X · addisstandard,,PEP,0,1,0,0,0,0,0,1,0,0
"""Netanyahu"" + ""offshore"" OR ""PEP"" OR ""AML"" after:2025-12-15",Netanyahu approves record gas deal with Egypt under US ...,https://tass.com/economy/2061113,Israeli Prime Minister Benjamin Netanyahu's decision to approve a record gas supply agreement with Egypt worth 112 billion shekels ($34.6 billion) came under ...,TASS,2 days ago,PEP,0,1,0,0,0,0,0,0,0,0
"""Elon Musk"" + ""financial surveillance"" OR ""KYC"" OR ""PEP""",Elon Musk's Treasury Data Grab - by Scot Nakagawa,https://antiauthoritarianplaybook.substack.com/p/elon-musks-treasury-data-grab,"Elon Musk's Treasury Data Grab. Data Piracy ... Market & financial surveillance (who pays, who evades, and what businesses are vulnerable).",Substack · The Anti-Authoritarian Playbook,,PEP,0,0,1,0,0,0,0,0,1,0
"""Elon Musk"" + ""financial surveillance"" OR ""KYC"" OR ""PEP""","If It Involves Money, It will be On Our Platform – Elon Musk",https://www.celent.com/insights/853811912,"Elon Musk ... But even here it is possible to imagine that technology can be employed to create a more secure identity layer leveraging KYC/AML processes, which ...",Celent,,PEP,0,0,1,0,1,0,0,0,0,0
"""Elon Musk"" + ""financial surveillance"" OR ""KYC"" OR ""PEP""",Elon Musk warns about dangers of digital ID schemes,https://www.linkedin.com/posts/ian-brighthope-b7a65413_elon-the-digital-id-and-the-digital-prison-activity-7379990128934641664-nVor,Elon Musk warns about dangers of digital ID schemes. View profile ... Financial surveillance erodes trust and exposes individuals to risk.,LinkedIn · Ian Brighthope,,PEP,0,0,1,0,0,0,0,0,1,0
"""Elon Musk"" + ""financial surveillance"" OR ""KYC"" OR ""PEP""",Elon Musk proposes putting the U.S. Treasury on ...,https://news.ycombinator.com/item?id=42960199,Elon Musk proposes putting the U.S. Treasury on blockchain for full ... Could any KYC or AML practices also help prevent such fraud? Does uploading ...,Hacker News,,PEP,0,0,1,0,1,0,0,0,0,0
"""Elon Musk"" + ""financial surveillance"" OR ""KYC"" OR ""PEP""",elon musk twitter,https://www.corporatecomplianceinsights.com/compliance-elon-musk-twitterbots/,KYC stands for know your customer and is used to describe banks and other regulated entities' obligations to perform due diligence on their customers.,Corporate Compliance Insights,"May 11, 2022",PEP,0,0,0,0,0,0,0,0,0,0
"""Elon Musk"" + ""financial surveillance"" OR ""KYC"" OR ""PEP""",Elon Musk Faces SEC Sanctions Over Missed Testimony in ...,https://amlwatcher.com/news/us-sec-targets-elon-musk-for-potential-sanctions-in-twitter-probe/,The US SEC Seeks Sanctions Against Elon Musk Following Missed Testimony Related to $44 Billion Twitter Deal ... PEP Screening · International ...,AML Watcher,"Sep 26, 2024",PEP,0,0,1,0,0,0,0,0,0,1
"""Elon Musk"" + ""financial surveillance"" OR ""KYC"" OR ""PEP""","After Musk Decimates CFPB, Blumenthal Raises ...",https://www.blumenthal.senate.gov/newsroom/press/release/after-musk-decimates-cfpb-blumenthal-raises-consumer-protection-concerns-over-x-money-venture,"... Elon Musk's X to launch a new peer-to-peer (P2P) payment platform, X ... Know Your Customer (KYC) due diligence; and; Detecting or ...",U.S. Senator Richard Blumenthal (.gov),"Mar 7, 2025",PEP,0,0,1,0,0,0,0,0,0,0
"""Elon Musk"" + ""financial surveillance"" OR ""KYC"" OR ""PEP""","Elon Musk reacts to shocking claims of ""evil"" US ...",https://www.sportskeeda.com/mma/news-elon-musk-reacts-shocking-claims-evil-u-s-govt-allegedly-de-banking-citizens-joe-rogan-s-podcast,"Elon Musk has called for Americans to share a revelatory clip ... PEP. If you are a PEP, you are required by financial regulators to ...",Sportskeeda,"Dec 1, 2024",PEP,0,0,1,0,0,0,0,0,1,1
"""Elon Musk"" + ""financial surveillance"" OR ""KYC"" OR ""PEP""",Coinbase's Brian Armstrong calls AML regulations a U.S. ...,https://www.reddit.com/r/CryptoCurrency/comments/1h48222/coinbases_brian_armstrong_calls_aml_regulations_a/,"Coinbase's Brian Armstrong calls AML regulations a U.S. policy failure, believes Elon Musk can fix it ... AML and KYC can both eat a dick.",Reddit · r/CryptoCurrency,,PEP,0,0,1,0,1,0,0,0,0,0
"""Elon Musk"" + ""financial surveillance"" OR ""KYC"" OR ""PEP""",Where Elon Musk and Peter Thiel Agree and Disagree,https://competitivecompliance.co/conspiracy-theories-about-finances-and-money-where-elon-musk-and-peter-thiel-agree-and-disagree/,Conspiracy Theories About Finances and Money — Where Elon Musk and Peter Thiel Agree and Disagree ... kyc license application licensing onboarding ...,Competitive Compliance,"Nov 7, 2023",PEP,0,0,1,0,0,0,0,0,1,0
"""Oracle"" + ""AML compliance"" OR ""banking risk"" after:2025-12-15",Risk Oversight Director for Banking Payments - Executive ...,https://jpmc.fa.oraclecloud.com/hcmUI/CandidateExperience/en/sites/cx_1001/job/210695338,"As the Risk Management Banking Payments Oversight Executive Director in the Consumer & Business Banking Risk Management group, you will play a pivotal role ...",Oracle,1 day ago,PEP,0,0,0,0,0,0,0,0,0,0
"""Oracle"" + ""AML compliance"" OR ""banking risk"" after:2025-12-15",The global Anti-money Laundering Suits (AMLS) Market ...,https://www.linkedin.com/pulse/global-anti-money-laundering-suits-amls-marketundergoing-substantial-ovyke,"Comarch delivers custom software solutions including AML compliance systems, focusing on the European market. ... Oracle Corporation delivers integrated ...",LinkedIn,,PEP,0,0,0,1,1,0,0,0,0,0
"""Oracle"" + ""AML compliance"" OR ""banking risk"" after:2025-12-15",What is Transaction Monitoring and Why It Matters,https://www.pingwire.io/post/transaction-monitoring-a-complete-guide-to-financial-crime-detection-and-aml-compliance,"Oracle OIC or MuleSoft Anypoint Platform. Connects older core systems to ISO ... Effective AML compliance depends on strong KYC, CDD, and SAR systems ...",Pingwire,4 days ago,PEP,0,0,0,1,1,0,0,0,0,0
"""Oracle"" + ""AML compliance"" OR ""banking risk"" after:2025-12-15","Anti-Money Laundering Market Size, Growth Forecasts 2035",https://www.gminsights.com/industry-analysis/anti-money-laundering-aml-market,"In 2024, leading AML solution providers such as FICO, SAS Institute, NICE Actimize, Oracle ... AML compliance and maintain high standards of financial security.",Global Market Insights Inc.,5 days ago,PEP,0,0,0,1,1,0,0,0,1,0
"""Oracle"" + ""AML compliance"" OR ""banking risk"" after:2025-12-15","What Is AML Analytics? Process, Benefits & Use Cases",https://ixsight.com/blogs/what-is-aml-analytics/,... AML Compliance Tools to automate processes such as customer onboarding ... Oracle Financial Crime Analytics Oracle Cloud to the end of compliance. AI ...,ixsight,1 day ago,PEP,0,0,0,1,1,0,0,0,1,0
"""Oracle"" + ""AML compliance"" OR ""banking risk"" after:2025-12-15","AML Compliance Generalist job in San Dimas, California",https://insightglobal.com/jobs/find_a_job/california/san-dimas/aml-compliance-generalist/job-476334/,"Find AML Compliance Generalist jobs in San Dimas, California now ... Nice to Have Skills & Experience. Oracle. Benefit packages for this role will ...",Insight Global,4 days ago,PEP,0,0,0,1,1,0,0,0,0,0
"""Oracle"" + ""AML compliance"" OR ""banking risk"" after:2025-12-15",CTRL + Operational Risk: ORX Perspectives on AI in Banking,https://www.deloitte.com/no/no/Industries/banking-capital-markets/perspectives/ai-and-operational-risk-banking.html,"Oracle · SAP · ServiceNow · Supply Chain & Network Operations · Technology ... GenAI risk falls under OpRisk, ORX survey finds, ""Banking Risk and Regulation"", ...",Deloitte,2 days ago,PEP,0,0,0,1,0,0,0,0,0,0
"""Oracle"" + ""AML compliance"" OR ""banking risk"" after:2025-12-15","Transaction Monitoring in Fintech Market Size, Share & ...",https://www.snsinsider.com/reports/transaction-monitoring-in-fintech-market-9155,"These organizations invest heavily in fraud detection, AML compliance, and risk management to maintain regulatory adherence and protect customer trust. The ...",SNS Insider,24 hours ago,PEP,0,0,0,0,1,0,0,0,0,0
"""Oracle"" + ""AML compliance"" OR ""banking risk"" after:2025-12-15","Kushal Jirafe, Author at Anti Money Laundering ...",https://amlsquare.com/author/kushal/,In-House AML Compliance Team: What's Better Ensure Your Malaysian Firm Complies with BNM's AML Guidelines. Try AML Square Today! 2. Oracle Oracle Financial ...,AMLSquare,5 days ago,PEP,0,0,0,1,1,0,0,0,1,0
"""Oracle"" + ""AML compliance"" OR ""banking risk"" after:2025-12-15",Top 10 AML Software Providers In 2026 - Inventiva,https://www.inventiva.co.in/trends/top-10-aml-software-providers-in-2026/,Oracle is particularly well-suited for large financial institutions already invested in Oracle's ... AML compliance: excessive false positives. Legacy rule ...,inventiva.co.in,5 days ago,PEP,0,0,0,1,1,0,0,0,1,0
"""redacted"" + ""unmasked"" + ""banking registry"" + ""2026""",Registry of Nonbank Covered Persons Subject to Certain ...,https://www.consumerfinance.gov/rules-policy/rules-under-development/registry-of-nonbank-covered-persons-subject-to-certain-agency-and-court-orders-proposed-rescission/,The CFPB is proposing to rescind its rule establishing a registry of certain final public orders applicable to certain nonbank covered ...,CFPB (.gov),"Dec 11, 2025",PEP,0,0,0,0,0,0,0,0,0,0
"""redacted"" + ""unmasked"" + ""banking registry"" + ""2026""",CFPB Rescinds Nonbank Registration Regulation | Insights,https://www.hklaw.com/en/insights/publications/2025/11/cfpb-rescinds-nonbank-registration-regulation,"The CFPB, on Oct. 29, 2025, issued a final rule rescinding a previous rule that governed the registration of nonbanks that are subject to ...",Holland & Knight,"Nov 4, 2025",PEP,0,0,0,0,0,0,0,0,0,0
"""redacted"" + ""unmasked"" + ""banking registry"" + ""2026""",CFPB rescinds rule creating registry for nonbank ...,https://www.consumerfinancemonitor.com/2025/11/03/cfpb-rescinds-rule-creating-registry-for-nonbank-enforcement-actions/,"The CFPB has formally rescinded its rule creating a registry for nonbank enforcement actions. The rule, proposed during the Biden ...",Consumer Finance Monitor,"Nov 3, 2025",PEP,0,0,0,0,0,0,0,0,0,0
"""redacted"" + ""unmasked"" + ""banking registry"" + ""2026""",Registry of Supervised Nonbanks That Use Form Contracts ...,https://www.federalregister.gov/documents/2025/10/29/2025-19690/registry-of-supervised-nonbanks-that-use-form-contracts-to-impose-terms-and-conditions-that-seek-to,"The Bureau is withdrawing the notice of proposed rulemaking, Registry of Supervised Nonbanks That Use Form Contracts to Impose Terms and ...",Federal Register (.gov),"Oct 29, 2025",PEP,0,0,0,0,0,0,0,0,0,0
"""redacted"" + ""unmasked"" + ""banking registry"" + ""2026""",Advocacy Update: CFPB Rescinds Nonbank Registry Rule,https://newslink.mba.org/mba-newslinks/2025/october/mba-newslink-tuesday-nov-4-2025/advocacy-update-cfpb-rescinds-nonbank-registry-rule/,"More recently, MBA urged the CFPB to rescind the rule in response to President Trump's various executive orders aimed at deregulation. • MBA has ...",MBA Newslink,"Oct 31, 2025",PEP,0,0,0,0,0,0,0,0,0,0
"""redacted"" + ""unmasked"" + ""banking registry"" + ""2026""",CFPB rescinds nonbank registry rule - ABA Banking Journal,https://bankingjournal.aba.com/2025/10/cfpb-rescinds-nonbank-registry-rule/,"The Consumer Financial Protection Bureau has nixed a registry to track information on consumer protection violations by nonbanks, ...",ABA Banking Journal,"Oct 29, 2025",PEP,0,0,0,0,0,0,0,0,1,0
"""redacted"" + ""unmasked"" + ""banking registry"" + ""2026""",CFPB Rescinds Registry for Covered Nonbank Entities,https://www.alston.com/en/insights/publications/2025/10/cfpb-rescinds-registry-for-covered-nonbank-entitie,"What Happened? In the October 29 Federal Register, the Consumer Financial Protection Bureau issued a final rule rescinding its previous rule ...",Alston & Bird,"Oct 29, 2025",PEP,0,0,0,0,0,0,0,0,1,0
"""redacted"" + ""unmasked"" + ""banking registry"" + ""2026""","Intelligence Authorization Act for Fiscal Year 2026, as ...",https://www.intelligence.senate.gov/2025/07/17/intelligence-authorization-act-for-fiscal-year-2026-as-reported-on-july-17-2025/,information to carry out the duties of the individual. “(2) An unmasking request may only be approved by the head of the disseminating element ...,Senate Select Committee on Intelligence | (.gov),"Jul 17, 2025",PEP,0,0,0,0,0,0,0,0,0,0
"""redacted"" + ""unmasked"" + ""banking registry"" + ""2026""",CFPB cancels pair of nonbank registry rules,https://www.scotsmanguide.com/news/cfpb-cancels-pair-of-nonbank-registry-rules/,"CFPB rescinds nonbank registry rules, citing high costs and regulatory redundancy, eliciting appreciation from mortgage industry groups.",Scotsman Guide,"Oct 30, 2025",PEP,0,0,0,0,0,0,0,0,0,0
"""redacted"" + ""unmasked"" + ""banking registry"" + ""2026""",CFPB Rescinds Nonbank Registry Rule,https://nativefinance.org/news/cfpb-rescinds-nonbank-registry-rule/,"In April, the CFPB announced that it would not enforce the nonbank registry rule and later indicated that it was considering rescinding it ...",Native American Financial Services,"Oct 30, 2025",PEP,0,0,0,0,0,0,0,0,0,0
"""compliance officer"" + ""Epstein files"" + ""redacted names""",Epstein files: Who else was mentioned?,https://www.bbc.com/news/articles/cn09n94qg92o,"Former Treasury Secretary Larry Summers (left), Former White House counsel Kathryn Ruemmler (centre) and journalist Michael Wolff (right) ...",BBC,"Nov 19, 2025",PEP,0,0,0,0,0,0,0,0,0,0
"""compliance officer"" + ""Epstein files"" + ""redacted names""",LIST: Which public figures are in the Epstein files?,https://cbs12.com/news/nation-world/which-public-figures-are-in-epstein-files-bill-clinton-diana-ross-michael-jackson-mick-jagger-kevin-spacey-chris-tucker-phil-collins-minnie-driver-wiesel-names-images-documents,"In one, Clinton appears with Ghislaine Maxwell at the Winston Churchill War Rooms in London. Other photographs show Clinton in a hot tub, as ...",WPEC,13 hours ago,PEP,0,0,0,0,0,0,0,0,0,0
"""compliance officer"" + ""Epstein files"" + ""redacted names""",The FBI Redacted Trump's Name in the Epstein Files,https://www.bloomberg.com/news/newsletters/2025-08-01/epstein-files-trump-s-name-was-redacted-by-the-fbi,The bureau's FOIA team tasked with conducting a final review of the records blacked out the names before higher-ups said last month that ...,Bloomberg.com,"Aug 1, 2025",PEP,0,0,0,0,0,0,0,0,0,0
"""compliance officer"" + ""Epstein files"" + ""redacted names""",Trump's justice department reportedly racing to redact ...,https://www.theguardian.com/us-news/live/2025/dec/18/us-politics-live-venezuela-russia-strikes-trump-news-updates,Live feed · DoJ racing to redact documents ahead of deadline to release Epstein files - report · Today's recap · Democrats expect DoJ to comply ...,The Guardian,2 days ago,PEP,1,0,0,0,0,0,0,0,0,0
"""compliance officer"" + ""Epstein files"" + ""redacted names""",Over 500 pages in Epstein files were entirely blacked out ...,https://www.yahoo.com/news/articles/over-500-pages-epstein-files-042844617.html,"The Justice Department released thousands of new photos and records on Jeffrey Epstein on Friday, but at least 550 pages in the documents ...",Yahoo,8 hours ago,PEP,1,0,0,0,0,0,0,0,0,0
"""compliance officer"" + ""Epstein files"" + ""redacted names""",LIST: Which public figures are in the Epstein files?,https://katu.com/news/nation-world/which-public-figures-are-in-epstein-files-bill-clinton-diana-ross-michael-jackson-mick-jagger-kevin-spacey-chris-tucker-phil-collins-minnie-driver-wiesel-names-images-documents,It is important to note that the presence of names or images inside the files does not indicate wrongdoing.,KATU,13 hours ago,PEP,0,0,0,0,0,0,0,0,0,0
"""compliance officer"" + ""Epstein files"" + ""redacted names""",The Latest: Justice Department releases some case files ...,https://halifax.citynews.ca/2025/12/19/the-latest-justice-department-releases-some-case-files-on-jeffrey-epstein/,"Among the thousands of records released are photos, call logs, grand jury testimony and interview transcripts. Many of the documents have been ...",CityNews Halifax,12 hours ago,PEP,0,0,0,0,0,0,0,0,0,0
"""compliance officer"" + ""Epstein files"" + ""redacted names""",Epstein files,https://en.wikipedia.org/wiki/Epstein_files,The Epstein files are a body of documents detailing the criminal activities of American financier and convicted child sex offender Jeffrey Epstein and his ...,Wikipedia,,PEP,1,0,0,0,0,0,0,0,1,0
"""compliance officer"" + ""Epstein files"" + ""redacted names""",DOJ responds to official's Epstein comments in hidden ...,https://thehill.com/homenews/administration/5488642-okeefe-video-epstein-doj-response/,Justice Department pushes back on comments made by official in hidden camera video about Jeffrey Epstein case.,The Hill,"Sep 5, 2025",PEP,1,0,0,0,0,0,0,0,0,0
