Theory_Label,Search_Query,Title,Link,Snippet,Source,Date
Russia_Oligarch_Link,Oleg Deripaska Nathaniel Rothschild Epstein meetings 2008 2012,Nat Rothschild loses libel case against Daily Mail over ...,https://www.theguardian.com/politics/2012/feb/10/nat-rothschild-loses-libel-daily-mail,Judge rules that conduct of multimillionare financier on Siberian trip exposed Peter Mandelson to conflict of interest claims.,The Guardian,"Feb 10, 2012"
Russia_Oligarch_Link,Oleg Deripaska Nathaniel Rothschild Epstein meetings 2008 2012,Nathaniel Rothschild loses Daily Mail libel case,https://www.bbc.com/news/uk-16977955,The paper said he set up a meeting between then EU Trade Commissioner Lord Mandelson and Russian Oleg Deripaska on the eve of a major trade deal ...,BBC,"Feb 10, 2012"
Russia_Oligarch_Link,Oleg Deripaska Nathaniel Rothschild Epstein meetings 2008 2012,"Nathaniel Rothschild offered oligarch's cash, says Tory ...",https://www.telegraph.co.uk/news/politics/conservative/9039785/Nathaniel-Rothschild-offered-oligarchs-cash-says-Tory-chief-Lord-Feldman.html,"The co-chairman of the Conservative Party has accused Nathaniel Rothschild, the billionaire financier, of trying to arrange a donation to ...",The Telegraph,"Jan 25, 2012"
Russia_Oligarch_Link,Oleg Deripaska Nathaniel Rothschild Epstein meetings 2008 2012,Seven encounters and a phone call that triggered a ...,https://www.theguardian.com/politics/2008/oct/22/osborne-deripaska-rothschild-funding,Osborne says Politics discussed and Rothschild suggested Deripaska might be willing to donate. Feldman said donations can only come from two ...,The Guardian,"Oct 21, 2008"
Russia_Oligarch_Link,Oleg Deripaska Nathaniel Rothschild Epstein meetings 2008 2012,"Rothschild loses ""puppet master"" libel case",https://www.reuters.com/article/world/us/rothschild-loses-puppet-master-libel-case-idUSTRE819170/,The article said Rothschild had sought to impress Deripaska by unexpectedly bringing Mandelson to a dinner the Russian held with bosses from the ...,Reuters,"Feb 10, 2012"
Russia_Oligarch_Link,Oleg Deripaska Nathaniel Rothschild Epstein meetings 2008 2012,"Two Capitals, One Russian Oligarch: How Oleg Deripaska ...",https://www.nytimes.com/2018/11/04/world/europe/oleg-deripaska-russia-oligarch-sanctions.html,"Deripaska befriended Nathaniel Rothschild, a British-born financier whose father is a British peer, and through him met the Conservative ...",The New York Times,"Nov 4, 2018"
Russia_Oligarch_Link,Oleg Deripaska Nathaniel Rothschild Epstein meetings 2008 2012,U.K. Conservatives Linked to Deripaska,https://www.themoscowtimes.com/archive/uk-conservatives-linked-to-deripaska,British financier Nathaniel Rothschild has added a new twist to a scandal over British Business Secretary Peter Mandelson's ties with Oleg ...,The Moscow Times,"Oct 22, 2008"
Russia_Oligarch_Link,Oleg Deripaska Nathaniel Rothschild Epstein meetings 2008 2012,Oligarchs set for High Court showdown,https://www.the-independent.com/news/uk/home-news/oligarchs-set-for-high-court-showdown-8165959.html,Oligarchs set for High Court showdown. Now Russian billionaires Oleg Deripaska and Michael Cherney bring their dispute to London. Mark Leftly.,The Independent,"Sep 22, 2012"
Russia_Oligarch_Link,Oleg Deripaska Nathaniel Rothschild Epstein meetings 2008 2012,Nathaniel Rothschild - Powerbase,https://powerbase.info/index.php/Nathaniel_Rothschild,Deripaska affair. Nathaniel Rothschild claimed in a letter to the The Times that UK Conservative Party Andrew Feldman was involved in ...,Powerbase.info,"Apr 22, 2015"
Russia_Oligarch_Link,Oleg Deripaska Nathaniel Rothschild Epstein meetings 2008 2012,Hacked emails show Jeffrey Epstein secured a private ...,https://www.facebook.com/middleeastmonitor/posts/hacked-emails-show-jeffrey-epstein-secured-a-private-meeting-between-israels-ehu/1234494752043885/,"Oleg is connected to Nathaniel Rothschild, and guess who else? British ambassador to the US, Peter Mandelson, close friend of Jeffrey Epstein.",Facebook · Middle East Monitor,No Date
Russia_Crisis_Rescue,Paul Manafort debt Deripaska Epstein connection,Paul Manafort pressured by Russians to pay back debt ...,https://www.cnn.com/2018/12/29/politics/russian-former-spy-paul-manafort-trump-campaign,Former Russian intelligence officer Victor Boyarkin was in touch with Manafort during the 2016 US presidential campaign on behalf of Russian ...,CNN,"Dec 29, 2018"
Russia_Crisis_Rescue,Paul Manafort debt Deripaska Epstein connection,"Manafort Was in Debt to Pro-Russia Interests, Cyprus ...",https://www.nytimes.com/2017/07/19/us/politics/paul-manafort-russia-trump.html,"Paul J. Manafort kept bank accounts during his years working in Ukraine and investing with a Russian oligarch, indicate that he had been in debt to pro-Russia ...",The New York Times,"Jul 19, 2017"
Russia_Crisis_Rescue,Paul Manafort debt Deripaska Epstein connection,"Foreign payments, unregistered lobbying and other ...",https://www.pbs.org/newshour/politics/foreign-payments-unregistered-lobbying-and-other-activities-that-led-to-paul-manaforts-indictment,"Before Paul Manafort's brief stint as Donald Trump's campaign chairman, he was a political consultant with more than a decade of deep ties ...",PBS,"Jul 31, 2018"
Russia_Crisis_Rescue,Paul Manafort debt Deripaska Epstein connection,"While chairing Trump campaign, Manafort tried to set up ...",https://www.vox.com/2017/9/20/16341798/manafort-russian-billionaire-briefing,"Furthermore, at least one email appears to use some sort of code, with Manafort's associate apparently referring to the Russian billionaire — ...",Vox,"Sep 20, 2017"
Russia_Crisis_Rescue,Paul Manafort debt Deripaska Epstein connection,Manafort had $10 million loan from Russian oligarch,https://www.reuters.com/article/world/manafort-had-10-million-loan-from-russian-oligarch-court-filing-idUSKBN1JN2YE/,A search warrant application unsealed on Wednesday revealed closer links than previously known between President Donald Trump's former ...,Reuters,"Jun 27, 2018"
Russia_Crisis_Rescue,Paul Manafort debt Deripaska Epstein connection,Russian Ex-Spy Pressured Manafort Over Debts to an ...,https://time.com/5490169/paul-manafort-victor-boyarkin-debts/,A TIME investigation reveals ex-spy Victor Boyarkin was a key link between former Trump campaign chair Paul Manafort and a powerful ally of ...,Time Magazine,"Dec 29, 2018"
Russia_Crisis_Rescue,Paul Manafort debt Deripaska Epstein connection,Russian Businessman With Ties To Ex-Trump Campaign ...,https://www.npr.org/2017/06/05/531588442/russian-businessman-with-ties-to-ex-trump-campaign-official-comes-under-scrutiny,Oleg Deripaska sued over a report that he paid former Trump campaign manager Paul Manafort to further the Russian government's interests.,NPR,"Jun 5, 2017"
Russia_Crisis_Rescue,Paul Manafort debt Deripaska Epstein connection,Manafort's guilty plea goes to the heart of the Russian ...,https://publicintegrity.org/national-security/manaforts-guilty-plea-goes-to-the-heart-of-the-russian-intelligence-operation-in-2016/,"Viktor Yanukovych ran a divisive campaign for president of Ukraine in 2010. He portrayed his political opponent, Yulia Tymoshenko, ...",Center for Public Integrity,"Sep 26, 2018"
Russia_Crisis_Rescue,Paul Manafort debt Deripaska Epstein connection,Mueller reveals closer Manafort ties to Russian oligarch,https://www.politico.com/story/2018/06/27/paul-manafort-mueller-russia-oleg-deripaska-680630,"Paul Manafort and his wife received a $10 million loan from Oleg Deripaska, a Russian oligarch with ties to Vladimir Putin.",Politico,"Jun 27, 2018"
Russia_Crisis_Rescue,Paul Manafort debt Deripaska Epstein connection,Paul Manafort Reportedly Owed Millions to Russian Before ...,https://www.vanityfair.com/news/2017/07/paul-manafort-reportedly-owed-millions-to-russian-oligarch-before-joining-trump-campaign?srsltid=AfmBOorq5LDPKTuhB074m4gLlyDIYqEvPUiKMiT6JBE9-2gqgKyE6ZyW,A new report sheds new light on the former campaign chairman's work as a lobbyist for a pro-Kremlin political party in Ukraine.,Vanity Fair,"Jul 20, 2017"
Russia_Tech_Transfer,Epstein Russia science investment 2010s,"Private jets, parties and eugenics: Jeffrey Epstein's bizarre ...",https://www.theguardian.com/us-news/2019/aug/18/private-jets-parties-and-eugenics-jeffrey-epsteins-bizarre-world-of-scientists,"The billionaire financier and convicted sex offender famously mixed with presidents, models and film stars. But he also indulged his unorthodox beliefs by ...",The Guardian,"Aug 19, 2019"
Russia_Tech_Transfer,Epstein Russia science investment 2010s,Emails reveal Epstein's network of the rich and powerful ...,https://www.pbs.org/newshour/politics/emails-reveal-epsteins-network-of-the-rich-and-powerful-despite-sex-offender-status,"By the time Jeffrey Epstein pleaded guilty in 2008 to soliciting prostitution from an underage girl, he had established an enormous network ...",PBS,"Nov 14, 2025"
Russia_Tech_Transfer,Epstein Russia science investment 2010s,Newly unsealed Epstein records shed light on years of his ...,https://www.cnn.com/2025/10/31/politics/jeffrey-epstein-financial-records-unsealed-jp-morgan,"One month after Jeffrey Epstein died in a jail cell while awaiting trial on sex trafficking charges, JPMorgan Chase reported to US ...",CNN,"Oct 31, 2025"
Russia_Tech_Transfer,Epstein Russia science investment 2010s,Jeffrey Epstein's Russian Connection:,https://dossier.center/jeffreyepsteinrusconnect-en/,"The Dossier Center has uncovered the financier's close contacts with Sergei Belyakov, then Deputy Minister of Economic Development and later head of the St. ...",Центр «Досье»,No Date
Russia_Tech_Transfer,Epstein Russia science investment 2010s,"MIT Extends Russian Tech Partnership, Despite Scrutiny ...",https://www.wgbh.org/news/national/2020-02-18/mit-extends-russian-tech-partnership-despite-scrutiny-from-feds,The Massachusetts Institute of Technology signed a five-year extension of a multimillion-dollar partnership with a Russian technology research institute.,GBH,"Feb 18, 2020"
Russia_Tech_Transfer,Epstein Russia science investment 2010s,Jeffrey Epstein,https://en.wikipedia.org/wiki/Jeffrey_Epstein,"Jeffrey Edward Epstein (January 20, 1953 – August 10, 2019) was an American financier and convicted child sex offender. He began his professional career as ...",Wikipedia,No Date
Russia_Tech_Transfer,Epstein Russia science investment 2010s,Epstein files cast long shadow over global business elite,https://www.euronews.com/business/2025/11/19/epstein-files-cast-long-shadow-over-global-business-elite,"Newly released emails show top finance and business figures maintained contact with Jeffrey Epstein years after his initial conviction, ...",Euronews.com,"Nov 19, 2025"
Russia_Tech_Transfer,Epstein Russia science investment 2010s,The Wall Street Journal Just Published a Revealing Story ...,https://www.motherjones.com/politics/2023/05/jeffrey-epstein-bill-gates-mila-antonova-wall-street-journal/,The specifics of Bill Gates' relationship with Jeffrey Epstein have been an open question since details about their ties were revealed in 2019.,Mother Jones,"May 21, 2023"
Russia_Tech_Transfer,Epstein Russia science investment 2010s,Inside Epstein's Russian Tech Web: How Oligarch Cash ...,https://bylinetimes.com/2025/10/20/inside-epsteins-russian-tech-web-how-oligarch-cash-and-three-women-connected-moscow-to-silicon-valley/,Leaked records obtained by Byline Times reveal how Kremlin-linked investors used Epstein's network to channel oligarch money into Silicon ...,Byline Times,"Oct 20, 2025"
Russia_Tech_Transfer,Epstein Russia science investment 2010s,Inside Epstein's money trail: Unsealed files expose Wall ...,https://timesofindia.indiatimes.com/world/us/inside-epsteins-money-trail-unsealed-files-expose-wall-street-russian-bank-connections/articleshow/125027862.cms,"US News: New documents reveal Jeffrey Epstein's financial ties to Wall Street figures, including Russian banks.",Times of India,"Nov 2, 2025"
Russia_Capital_Flow,Alrosa diamonds Epstein connection,AWDC and ALROSA Renew Cooperation Agreement,https://www.awdc.be/sites/default/files/2024-12/AWDC%20and%20ALROSA%20Renew%20Cooperation%20Agreement.pdf,"Antwerp, 6 December 2021 – The Antwerp World Diamond Centre (AWDC), the official representative of the Antwerp diamond industry, and ALROSA, world's largest ...",AWDC,No Date
Russia_Capital_Flow,Alrosa diamonds Epstein connection,Alrosa and Antwerp Reaffirm Relationship,https://rapaport.com/news/alrosa-and-antwerp-reaffirm-relationship/,"RAPAPORT… Russian miner Alrosa and the Antwerp World Diamond Centre (AWDC) have renewed their cooperation agreement, aiming to strengthen ...",Rapaport,"Dec 6, 2021"
Russia_Capital_Flow,Alrosa diamonds Epstein connection,Antwerp's diamond chief not forever as he quits 'over ...,https://brusselssignal.eu/2024/04/antwerps-diamond-chief-not-forever-as-he-quits-over-sanctions-on-russian-stones/,"Ari Epstein, the Chief Executive of the Antwerp World Diamond Centre (AWDC), has resigned. While he did not give a reason, ...",Brussels Signal,"Apr 12, 2024"
Russia_Capital_Flow,Alrosa diamonds Epstein connection,From Russia with diamonds: How Antwerp evaded sanctions,https://www.rte.ie/news/analysis-and-comment/2022/0331/1289609-russia-diamonds-sanctions/,"Antwerp is the biggest diamond trading hub in the world but its increasingly close links to the Russian mining giant Alrosa, one third owned ...",RTE.ie,"Mar 31, 2022"
Russia_Capital_Flow,Alrosa diamonds Epstein connection,AWDC & ALROSA renew cooperation agreement,https://jewelleryoutlook.com/awdc-and-alrosa-renew-cooperation-agreement/,"The AWDC and ALROSA, world's largest diamond mining company by volume, renewed their cooperation agreement.",Jewellery Outlook,"Dec 6, 2021"
Russia_Capital_Flow,Alrosa diamonds Epstein connection,Alrosa Unearths Russia's Biggest Jewelry-Quality Diamond,https://www.bloomberg.com/news/articles/2025-05-08/alrosa-unearths-russia-s-biggest-jewelry-quality-diamond,"Alrosa PJSC said it mined Russia's largest ever diamond of jewelry quality. The company extracted the 468.30-carat, amber-colored gem in Yakutia in the country ...",Bloomberg.com,"May 8, 2025"
Russia_Capital_Flow,Alrosa diamonds Epstein connection,State-controlled Russian miner Alrosa says it has ...,https://www.instagram.com/p/DJY8lnvP9w9/?hl=en,... Alrosa says it has unearthed the country's largest ever diamond of jewelry quality — an amber-colored gem at 468.30 carats. The company has ...,Instagram · bloombergbusiness,No Date
Russia_Capital_Flow,Alrosa diamonds Epstein connection,the pennsylvania state university,https://honors.libraries.psu.edu/files/final_submissions/89,A thesis submitted in partial fulfillment of the requirements for baccalaureate degrees in Economics and Psychology with honors in Economics.,Penn State University,No Date
Russia_Capital_Flow,Alrosa diamonds Epstein connection,Alrosa and AWDC reaffirm strong relationship at Antwerp ...,https://thenewjewelleruae.me/Top_Stories/Alrosa_AWDC.html,"From left to right Ari Epstein CEO AWDC, Alex Van Meeuwen - Belgian Ambassador to Russia, Cathy Berx - Governor, Province of Antwerp, Andrey Zharkov ...",The New Jeweller - UAE,No Date
Russia_Capital_Flow,Alrosa diamonds Epstein connection,details of exclusive Russian deal offered to Arron Banks in ...,https://www.theguardian.com/uk-news/2018/aug/09/revealed-detail-of-exclusive-russian-deal-offered-to-arron-banks-in-brexit-run-up,"Leaked document lays out for first time deal proposed to Leave.EU backer, sparking new questions over Moscow's role.",The Guardian,"Aug 9, 2018"
Saudi_Direct_Access,Epstein MBS meeting photos 2018 2019,Inside Jeffrey Epstein's relationship with Saudi Arabia,https://www.cbsnews.com/news/jeffrey-epstein-saudi-arabia/,Documents suggest Epstein had contacts with the Saudi royal family and traveled to the Kingdom in the last years of his life.,CBS News,"Nov 18, 2025"
Saudi_Direct_Access,Epstein MBS meeting photos 2018 2019,Bin Salman-Epstein photograph sparks backlash,https://today.lorientlejour.com/article/1472669/bin-salman-epstein-photograph-sparks-backlash.html,A New York Times report published on Tuesday sparked a wave of backlash after revealing a framed photograph of Saudi Crown Prince Mohammed ...,L'Orient Today,"Aug 7, 2025"
Saudi_Direct_Access,Epstein MBS meeting photos 2018 2019,Previously unseen images of Epstein's island released,https://www.bbc.com/news/articles/c4g5rrlve33o,Democrats on the House Oversight Committee have released never-before-seen images of Jeffrey Epstein's infamous island.,BBC,"Dec 4, 2025"
Saudi_Direct_Access,Epstein MBS meeting photos 2018 2019,"'Lolita,' passports and more famous figures pictured in ...",https://www.pbs.org/newshour/politics/lolita-passports-and-more-famous-figures-pictured-in-latest-epstein-photo-release,"In this undated photograph from the personal collection of convicted sex offender Jeffrey Epstein, New York Times columnist and PBS News ...",PBS,3 days ago
Saudi_Direct_Access,Epstein MBS meeting photos 2018 2019,The Updated Epstein List: Who Is Named in All of the Files?,https://nymag.com/intelligencer/article/who-is-on-jeffrey-epstein-list-names-clients-associates-files-emails.html,New data dumps and reports continue to reveal prominent people with ties to Jeffrey Epstein. Here's an updated list.,New York Magazine,2 days ago
Saudi_Direct_Access,Epstein MBS meeting photos 2018 2019,The New York Times on Tuesday ignited a wave of ...,https://www.facebook.com/MiddleEastEye/posts/the-new-york-times-on-tuesday-ignited-a-wave-of-backlash-after-revealing-a-frame/1196702385826531/,The New York Times on Tuesday ignited a wave of backlash after revealing a framed photograph of Saudi Crown Prince Mohammed bin Salman ...,Facebook · Middle East Eye,No Date
Saudi_Direct_Access,Epstein MBS meeting photos 2018 2019,The Day Jeffrey Epstein Told Me He Had Dirt on Powerful ...,https://www.nytimes.com/2019/08/12/business/jeffrey-epstein-interview.html,I went to Mr. Epstein's Manhattan mansion to talk about Tesla. We ended up discussing much more — including his belief that sex with teenage ...,The New York Times,"Aug 12, 2019"
Saudi_Direct_Access,Epstein MBS meeting photos 2018 2019,Saudi crown prince visited paedophile Epstein 'very often',https://www.newarab.com/News/2019/8/14/Saudi-crown-prince-visited-paedophile-Epstein-very-often-Report,A US journalist says convicted paedophile Jeffrey Epstein once boasted of his relationship with Saudi Arabia's controversial Crown Prime ...,The New Arab,"Aug 14, 2019"
Saudi_Direct_Access,Epstein MBS meeting photos 2018 2019,"The Prince and the Predator: MBS, Epstein, and the Arab ...",https://s2jnews.com/the-prince-and-the-predator-mbs-epstein-and-the-arab-betrayal/,"Epstein's office featured a framed photo of Saudi Crown Prince Mohammad bin Salman (MBS), raising questions about Gulf- Israeli collaboration.",S2Jnews,"Aug 7, 2025"
Saudi_Direct_Access,Epstein MBS meeting photos 2018 2019,Up First briefing: U.S.-Saudi deals; House votes on Epstein ...,https://www.npr.org/2025/11/18/g-s1-98226/up-first-newsletter-trump-saudi-arabia-prince-epstein-files-redistricting,President Trump will host Saudi Crown Prince Mohammed bin Salman (MBS) at the White House today.,NPR,"Nov 18, 2025"
Saudi_Tech_Transfer,Thomas Barrack nuclear technology transfer Saudi Arabia Epstein,Trump's friend tried to profit from Middle East nuclear deal ...,https://www.theguardian.com/us-news/2019/jul/29/tom-barrack-saudi-arabia-nuclear-deal-envoy,A billionaire friend of Donald Trump pursued a plan to buy Westinghouse Electric Corp – even as he lobbied Trump to become a special envoy and promote the ...,The Guardian,"Jul 29, 2019"
Saudi_Tech_Transfer,Thomas Barrack nuclear technology transfer Saudi Arabia Epstein,Trump Officials Tried to Rush Nuclear Technology To Saudis,https://www.npr.org/2019/02/19/695954246/trump-officials-tried-to-rush-nuclear-technology-to-saudis-house-panel-finds,A new interim report from the House Oversight Committee details Trump administration officials' efforts to transfer nuclear technology to Saudi Arabia.,NPR,"Feb 19, 2019"
Saudi_Tech_Transfer,Thomas Barrack nuclear technology transfer Saudi Arabia Epstein,"Trump Ally Tom Barrack Called Out on Epstein, Weinstein ...",https://markets.businessinsider.com/news/stocks/tom-barrack-colony-capital-blackwells-letter-jackson-weinstein-epstein-trump-2019-11-1028719428,"Colony Capital's CEO Tom Barrack ""appears to be a magnet for famous people involved in scandal,"" Blackwells Capital said, calling for his ...",markets.businessinsider.com,"Nov 27, 2019"
Saudi_Tech_Transfer,Thomas Barrack nuclear technology transfer Saudi Arabia Epstein,"Michael Flynn pushed to share nuclear tech with Saudis, ...",https://www.pbs.org/newshour/politics/white-house-pushed-saudi-nuclear-power-plan-report-says,Senior White House officials pushed a project to share nuclear power technology with Saudi Arabia despite the objections of ethics and national security ...,PBS,"Feb 19, 2019"
Saudi_Tech_Transfer,Thomas Barrack nuclear technology transfer Saudi Arabia Epstein,Trump Friend's Ties to Mideast at Heart of Lobbying Inquiry,https://www.nytimes.com/2019/07/28/us/politics/thomas-barrack-foreign-lobbying.html,Thomas J. Barrack Jr. played an influential role in the Trump campaign and acts as an outside adviser to the White House.,The New York Times,"Jul 28, 2019"
Saudi_Tech_Transfer,Thomas Barrack nuclear technology transfer Saudi Arabia Epstein,Report Accuses Trump Allies of Conspiring to Profit Off ...,https://www.vanityfair.com/news/2019/07/trump-barrack-saudi-nuclear-deal-ip3?srsltid=AfmBOopP4R5Rh-eo30EyzUbZQTuEaEnINfjvGAdqrXxlW16wr206lTF5,Tom Barrack was among the members of the president's inner circle who tried to use their influence to sell nuclear technology to Saudi Arabia.,Vanity Fair,"Jul 29, 2019"
Saudi_Tech_Transfer,Thomas Barrack nuclear technology transfer Saudi Arabia Epstein,Donald Trump rushing to sell Saudi Arabia nuclear ...,https://www.aljazeera.com/news/2019/2/20/donald-trump-rushing-to-sell-saudi-arabia-nuclear-technology,"Experts worry tech transfer will allow Saudi Arabia to produce nuclear weapons, contributing to Middle East arms race.",Al Jazeera,"Feb 20, 2019"
Saudi_Tech_Transfer,Thomas Barrack nuclear technology transfer Saudi Arabia Epstein,Trump billionaire friend aimed to profit from Mideast ...,https://www.reuters.com/article/world/trump-billionaire-friend-aimed-to-profit-from-mideast-nuclear-deal-democrats-idUSKCN1UO298/,"Tom Barrack, a billionaire friend of U.S. President Donald Trump, pursued a plan to buy Westinghouse Electric Corp even as he lobbied Trump ...",Reuters,"Jul 30, 2019"
Saudi_Tech_Transfer,Thomas Barrack nuclear technology transfer Saudi Arabia Epstein,"Trump Ally, Ex-Military Brass Sought Saudi Funds for ...",https://www.wsj.com/articles/trump-ally-ex-military-brass-sought-saudi-funds-for-nuclear-plants-11564438415?gaa_at=eafs&gaa_n=AWEtsqfGhYB3hkknaBbEs5fyumPg40wOCu-cLXnG5rVMWiRH3C5x5r9LbNjS&gaa_ts=6948f67f&gaa_sig=3AahC9cVA3EU7Am_ci5WkHFSGCca1jXMEuzcU7CNZBW66kQ2yWqTMf4KylE3EWqRPdtft6ju1-lcXkMOcz4tOw%3D%3D,"Tom Barrack, an equity investor and a close ally of President Trump, sought Saudi government funding in a bid to buy ailing US nuclear reactor builder ...",The Wall Street Journal,"Jul 30, 2019"
Saudi_Tech_Transfer,Thomas Barrack nuclear technology transfer Saudi Arabia Epstein,"Flynn backed a plan to transfer nuclear tech to Saudis, say ...",https://www.euronews.com/2019/02/19/flynn-backed-plan-transfer-nuclear-tech-saudis-may-have-broken-n973021,"Investigators fear President Trump is still considering the plan, which was pushed by Flynn and Trump friend Tom Barrack.",Euronews.com,"Feb 19, 2019"
Saudi_Crisis_Rescue,Elon Musk Saudi PIF funding 'funding secured' 2018,Tesla's Elon Musk found not liable in trial over 2018 ' ...,https://www.reuters.com/legal/securities-fraud-trial-over-elon-musks-2018-tweets-draws-close-2023-02-03/,"He said he had lined up the necessary financing, including a verbal commitment from Saudi Arabia's sovereign wealth fund, the Public Investment ...",Reuters,"Feb 4, 2023"
Saudi_Crisis_Rescue,Elon Musk Saudi PIF funding 'funding secured' 2018,Head of Saudi investment fund subpoenaed in case over ...,https://www.cnn.com/2023/01/04/cars/elon-musk-tesla-lawsuit-saudi-investment,"Tesla (TSLA) shareholders sued Musk in 2018, alleging that he did not, in fact, have “funding secured” to take the company private at $420 per ...",CNN,"Jan 4, 2023"
Saudi_Crisis_Rescue,Elon Musk Saudi PIF funding 'funding secured' 2018,Musk says he was sure of Saudi backing to privatise Tesla,https://www.aljazeera.com/economy/2023/1/23/musk-on-trial-says-he-was-sure-he-had-saudi-backing-to-privatise,Elon Musk has testified that he was sure he had backing from Saudi financiers in 2018 to take Tesla Inc private but said the fund later backpedalled on its ...,Al Jazeera,"Jan 23, 2023"
Saudi_Crisis_Rescue,Elon Musk Saudi PIF funding 'funding secured' 2018,Elon Musk takes the stand in class-action lawsuit over ...,https://abc7chicago.com/post/elon-musk-takes-stand-tesla-lawsuit/12722116/,"The lead plaintiff Glen Littleton testified Wednesday that he lost more than 75% of his investments following Musk's ""funding secured"" tweet. ""I ...",ABC7 Chicago,"Jan 20, 2023"
Saudi_Crisis_Rescue,Elon Musk Saudi PIF funding 'funding secured' 2018,Tesla's Saudi Arabia Entry Puts Feud With PIF Boss to Rest,https://www.bloomberg.com/news/articles/2025-04-10/elon-musk-taking-tesla-to-saudi-arabia-puts-funding-secured-feud-to-rest,The two had a falling out after Musk tweeted in August 2018 that he had “funding secured” to take Tesla private on the basis of preliminary ...,Bloomberg.com,"Apr 10, 2025"
Saudi_Crisis_Rescue,Elon Musk Saudi PIF funding 'funding secured' 2018,Elon Musk Shows in 'Funding Secured' Trial That He Does ...,https://www.barrons.com/articles/tesla-elon-musk-tsla-lawsuit-twitter-51674657932?gaa_at=eafs&gaa_n=AWEtsqd5CjvZRxWAvGTZH3op6UbzIi9u38GPrxdufbMFSZ57Gf-dzdYzbXF9&gaa_ts=6948f683&gaa_sig=NyiAwDQtWIko1_ECpuJnMjRswrL1Jgkm6BCkio5vrPSSAU6JJBPT1p9S-hWJ4NQL-FYV8f1mJcwo38zTT4d-6g%3D%3D,"In testimony, Musk often repeated he believed funding was secured from the Saudi Arabian Public Investment Fund (PIF), which purchased 5% of ...",Barron's,"Jan 25, 2023"
Saudi_Crisis_Rescue,Elon Musk Saudi PIF funding 'funding secured' 2018,Elon Musk says he thought he had Saudi backing when ...,https://fortune.com/2023/01/23/elon-musk-says-he-had-saudi-backing-tesla-trial-testimony/,"In the first of the 2018 tweets, Musk stated “funding secured” for a what would have been a $72 billion — or $420 per share — buyout of Tesla ...",Fortune,"Jan 23, 2023"
Saudi_Crisis_Rescue,Elon Musk Saudi PIF funding 'funding secured' 2018,US judge determines Elon Musk's 2018 tweets were ...,https://www.theguardian.com/technology/2022/may/11/elon-musk-twitter-saudi-arabia,A US judge has determined that Elon Musk's 2018 tweets that funding had been secured to take electric car maker Tesla private was inaccurate and reckless.,The Guardian,"May 11, 2022"
Saudi_Crisis_Rescue,Elon Musk Saudi PIF funding 'funding secured' 2018,'Weak sauce': Elon Musk's 2018 feud with Saudi fund ...,https://www.pionline.com/sovereign-wealth-funds/weak-sauce-elon-musks-2018-feud-saudi-fund-revealed/,"Elon Musk's short-lived effort to take Tesla Inc. private after his infamous ""funding secured"" tweet in August 2018 has loomed over the billionaire's ...",Pensions & Investments,"Apr 25, 2022"
Saudi_Crisis_Rescue,Elon Musk Saudi PIF funding 'funding secured' 2018,Elon Musk says Tesla tweet was genuine in fraud case,https://www.bbc.com/news/business-64384278,"Mr Musk is accused of defrauding investors after he tweeted on 7 August 2018 that he had ""funding secured"" to take Tesla private at $420 (£341) ...",BBC,"Jan 24, 2023"
Gulf_Capital_Flow,SoftBank Vision Fund Epstein connections,"Silicon Valley has become so money-obsessed, founders ...",https://www.businessinsider.com/startups-silicon-valley-jeffrey-epstein-problem-2019-8,"Would you care if Jeffrey Epstein invested in your startup or your fund ... SoftBank's first Vision Fund, which was largely backed by Saudi Arabia ...",Business Insider,"Aug 23, 2019"
Gulf_Capital_Flow,SoftBank Vision Fund Epstein connections,A Tally of Resignations Tied to the Jeffrey Epstein Scandal,https://www.nytimes.com/2021/05/21/business/dealbook/jeffrey-epstein-resignations.html,"—Yuko Kawamoto, who is stepping down as a SoftBank board member, wrote an extensive resignation letter offering both praise of SoftBank's chief, ...",The New York Times,"Aug 26, 2021"
Gulf_Capital_Flow,SoftBank Vision Fund Epstein connections,DealBook Briefing: What Did Jeffrey Epstein Know?,https://www.nytimes.com/2019/08/13/business/dealbook/jeffrey-epstein-secrets.html,SoftBank wants its Vision Fund companies to work together. The Japanese telecom company's nearly $100 billion investment fund has created an ...,The New York Times,"Aug 13, 2019"
Gulf_Capital_Flow,SoftBank Vision Fund Epstein connections,The Updated Epstein List: Who Is Named in All of the Files?,https://nymag.com/intelligencer/article/who-is-on-jeffrey-epstein-list-names-clients-associates-files-emails.html,New data dumps and reports continue to reveal prominent people with ties to Jeffrey Epstein. Here's an updated list.,New York Magazine,2 days ago
Gulf_Capital_Flow,SoftBank Vision Fund Epstein connections,Opinion | How the Elite Behave When No One Is Watching,https://www.nytimes.com/2025/11/23/opinion/meaning-epstein-emails.html,Summers laid bait by mentioning meetings with people at SoftBank and Saudi Arabia's sovereign wealth fund. Mr. Epstein nibbled: “anyone stand ...,The New York Times,"Nov 23, 2025"
Gulf_Capital_Flow,SoftBank Vision Fund Epstein connections,"Epstein emails show powerful friends, media elite, kept ...",https://www.washingtontimes.com/news/2025/nov/14/epstein-emails-show-powerful-friends-media-elite-kept-close-ties/,"This is more than 1 month old. Epstein emails show powerful friends, media elite, kept close ties despite his sex crime conviction.",Washington Times,"Nov 14, 2025"
Gulf_Capital_Flow,SoftBank Vision Fund Epstein connections,DealBook Briefing: Les Wexner Says Jeffrey Epstein ...,https://www.nytimes.com/2019/08/08/business/dealbook/les-wexner-jeffrey-epstein.html,• SoftBank said it could start investing from its second Vision Fund as soon as next month. It also disclosed that its first Vision Fund ...,The New York Times,"Aug 8, 2019"
Gulf_Capital_Flow,SoftBank Vision Fund Epstein connections,Jeffrey Epstein's Wall Street Ties Exposed,https://www.linkedin.com/posts/bloomberg-news_hedge-funds-brokerages-billionaires-jeffrey-activity-7404517172082868224-toIo,"Connection for Epstein was Greg Hirsch, who was then a money manager at Smith Barney. Hirsch was one of the many figures across the landscape of ...",LinkedIn · Bloomberg News,No Date
Gulf_Capital_Flow,SoftBank Vision Fund Epstein connections,The Jeffrey Epstein legal vortex grips finance and politics,https://www.ft.com/content/d200efe1-e95e-4503-b2f6-180bc0c3cc7d,Credit Suisse has alleged that SoftBank masterminded a financial restructuring of Katerra — a Californian construction company funded by ...,Financial Times,"Jun 21, 2023"
Gulf_Capital_Flow,SoftBank Vision Fund Epstein connections,Epstein's Investments,https://www.bloomberg.com/features/2025-jeffrey-epstein-emails-wall-street/,"The Yahoo emails provide new details about Epstein as an investor and adviser, including how he leveraged influence when his bets lost money.",Bloomberg.com,"Dec 10, 2025"
China_Elite_Link,Li Ka-shing Epstein relationship charity donations,Gift heralds Li Ka-shing's exit,https://www.theglobeandmail.com/report-on-business/gift-heralds-li-ka-shings-exit/article20418803/,Gift heralds Li Ka-shing's exit ; J.W. McConnell Family Foundation: $464-million ; Hospital for Sick Children Foundation: $400-million ; United ...,The Globe and Mail,"Jan 13, 2005"
China_Elite_Link,Li Ka-shing Epstein relationship charity donations,Li Ka Shing Foundation Announces an immediate HK$30 ...,https://www.lksf.org/li-ka-shing-foundation-announces-an-immediate-hk30-million-emergency-relief-fund-to-support-fire-affected-communities-in-tai-po-wang-fuk-court-housing-complex/?lang=en,Any registered charitable organisations can apply for financial assistance through a dedicated link on the Tsz Shan Monastery website ( www.,Li Ka Shing Foundation,"Nov 27, 2025"
China_Elite_Link,Li Ka-shing Epstein relationship charity donations,Epstein-Linked Charity Quietly Donated $100000 to Hasty ...,https://www.thecrimson.com/article/2025/11/28/pudding-epstein-linked-donations/,"Gratitude America, the U.S. Virgin Islands-based charity founded by Epstein, donated $50,000 in each of those two years to the Hasty Pudding, ...",The Harvard Crimson,"Nov 28, 2025"
China_Elite_Link,Li Ka-shing Epstein relationship charity donations,Hong Kong tycoon Li Ka-shing donates US$128 mln to ...,https://macaubusiness.com/hong-kong-tycoon-li-ka-shing-donates-us128-mln-to-support-local-business,"Hong Kong's richest man Li Ka-shing will donate HK$1 billion ($128 million) to support local small and medium sized businesses, his foundation ...",Macau Business,"Oct 4, 2019"
China_Elite_Link,Li Ka-shing Epstein relationship charity donations,Jeffrey Epstein's Charity: An Image Boost Built on Deception,https://www.nytimes.com/2019/11/26/business/jeffrey-epstein-charity.html,Epstein's Gratitude America foundation received a $10 million donation in 2015 from a company tied to the private equity billionaire Leon D.,The New York Times,"Nov 26, 2019"
China_Elite_Link,Li Ka-shing Epstein relationship charity donations,TIME100 Philanthropy: Li Ka-shing,https://time.com/collections/time100-philanthropy-2025/7286079/li-ka-shing/,"In April, Li, donated two more of the machines to Singapore in collaboration with the state's philanthropic Temasek Trust. “In a world where ...",Time Magazine,"May 20, 2025"
China_Elite_Link,Li Ka-shing Epstein relationship charity donations,Charities say they never got the donations Jeffrey Epstein ...,https://www.nbcnews.com/news/us-news/charities-say-they-never-got-donations-jeffrey-epstein-claims-he-n1028561,"A Haiti-based children's charity called the Edeyo Foundation said it received a $25,000 check from Epstein in 2011 but quickly returned the ...",NBC News,"Jul 11, 2019"
China_Elite_Link,Li Ka-shing Epstein relationship charity donations,Li Ka-shing among Fortune's top 14 philanthropists,https://www.chinadaily.com.cn/china/2009-08/27/content_8623856.htm,"Li has donated nearly $1.37 billion. He famously once called his Li Ka-shing Foundation his ""third son"", and has promised to give one-third ...",China Daily,"Aug 27, 2009"
China_Elite_Link,Li Ka-shing Epstein relationship charity donations,Here's exactly how Jeffrey Epstein spent $30 million,https://www.miamiherald.com/news/state/florida/article233028682.html,"The Miami Herald compiled 20 years of tax filings from three of Epstein's private foundations. In total, his listed contributions surpass $30 million.",Miami Herald,"Jul 24, 2019"
China_Elite_Link,Li Ka-shing Epstein relationship charity donations,Li Ka Shing Foundation,https://en.wikipedia.org/wiki/Li_Ka_Shing_Foundation,"Through his Foundation, Mr Li Ka-shing donated on 26 July 2021 HK$20 million to the Liaison Office of the Central People's Government in the HKSAR special ...",Wikipedia,No Date
China_Tech_Transfer,Bill Gates Epstein China nuclear energy TerraPower,Bill Gates Says China Is Outspending the World on ...,https://www.bloomberg.com/news/articles/2025-10-28/bill-gates-says-china-is-outspending-the-world-on-nuclear-power,"Bill Gates Says China Is Outspending the World on Nuclear Power ... TerraPower, which is developing next-generation fission reactors. The ...",Bloomberg.com,"Oct 27, 2025"
China_Tech_Transfer,Bill Gates Epstein China nuclear energy TerraPower,China and Bill Gates discuss nuclear reactor plan,https://www.bbc.com/news/technology-16085385,"Terrapower, founded and funded by the Microsoft chairman, is collaborating with Chinese scientists on the fourth generation (4G) reactor.",BBC,"Mar 8, 2012"
China_Tech_Transfer,Bill Gates Epstein China nuclear energy TerraPower,"Bill Gates on his nuclear energy investment, AI's challenges",https://www.npr.org/2024/06/14/nx-s1-5002007/bill-gates-nuclear-power-artificial-intelligence,"The new facility, designed by the Gates-founded TerraPower, will be smaller than traditional fission nuclear power plants and, in theory, safer ...",NPR,"Jun 14, 2024"
China_Tech_Transfer,Bill Gates Epstein China nuclear energy TerraPower,Bill Gates' Story of Failed Nuclear Project with China,https://en.tempo.co/read/2004921/bill-gates-story-of-failed-nuclear-project-with-china,Microsoft founder Bill Gates revealed that his nuclear company failed to build a nuclear power plant project with China due to US govt.,Tempo.co English,"May 8, 2025"
China_Tech_Transfer,Bill Gates Epstein China nuclear energy TerraPower,Bill Gates's Nuclear Energy Startup TerraPower Signs ...,https://www.knkx.org/news/2015-09-22/bill-gatess-nuclear-energy-startup-terrapower-signs-deal-with-chinese-counterpart,TerraPower is working on what Gates calls a next-generation nuclear reactor. The reactor that TerraPower is working on uses depleted uranium for ...,KNKX,"Sep 22, 2015"
China_Tech_Transfer,Bill Gates Epstein China nuclear energy TerraPower,"TerraPower to Leave China, but Bill Gates is Still in the ...",https://neutronbytes.com/2019/01/06/terrapower-to-leave-china-but-bill-gates-is-still-in-the-game/,"TerraPower, a nuclear energy startup which includes Bill Gates as one of its key investors, has been forced to cancel its plans to spend $ 1 billion to build a ...",Neutron Bytes,"Jan 6, 2019"
China_Tech_Transfer,Bill Gates Epstein China nuclear energy TerraPower,Energy Dept. Policy Halts TerraPower Reactor Plans,https://www.wsj.com/articles/trumps-tech-battle-with-china-roils-bill-gates-nuclear-venture-11546360589?gaa_at=eafs&gaa_n=AWEtsqdUE6mGyAoO9TBJdGmd2pAnkJPnUAKBnOf_F7xvJDwxuKEeoWN4dDUR&gaa_ts=6948f693&gaa_sig=kvc7BQXlOaNtcJaMeFF7-_F9kEjGxKA3XoLxpbWt6Dp_4aJL_YEbeny0LBJgSTqo4w0e6PtkbYLjPHLsUY9Gcw%3D%3D,"Bill Gates says he in investing in Generation IV nuclear power plants through Terra Power, which he says would be safer and more efficient ...",The Wall Street Journal,"Jan 1, 2019"
China_Tech_Transfer,Bill Gates Epstein China nuclear energy TerraPower,"In Wyoming, Bill Gates moves ahead with nuclear project ...",https://apnews.com/article/bill-gates-nuclear-terrapower-wyoming-climate-change-electricity-23176f33200b22b9ede7f4ccf4f2ec3b,"Gates co-founded TerraPower in 2008 as a way for the private sector to propel advanced nuclear energy forward to provide safe, abundant, carbon- ...",AP News,"Aug 15, 2024"
China_Tech_Transfer,Bill Gates Epstein China nuclear energy TerraPower,Bill Gates' nuclear venture hits snag amid U.S. restrictions ...,https://www.reuters.com/article/technology/bill-gates-nuclear-venture-hits-snag-amid-us-restrictions-on-china-deals-wsj-idUSKCN1OV1R6/,"TerraPower LLC, a nuclear energy venture chaired by Microsoft Corp co-founder Bill Gates, is seeking a new partner for early-stage trials of its technology.",Reuters,"Jan 2, 2019"
China_Tech_Transfer,Bill Gates Epstein China nuclear energy TerraPower,Bill Gates's nuclear company is close to breaking ground ...,https://www.msn.com/en-us/money/smallbusiness/bill-gates-s-nuclear-company-is-close-to-breaking-ground-on-a-reactor-but-has-competition/ar-AA1RKaxh?ocid=Peregrine,"The development brings TerraPower, which Gates founded in 2008, a step closer to beginning construction on its so-called Natrium reactor at a site in Kemmerer, ...",MSN,No Date
China_Academic_Espionage,Harvard chemistry department Charles Lieber Epstein China,Jury finds Harvard professor Charles Lieber guilty of hiding ...,https://www.npr.org/2021/12/22/1066642293/jury-finds-harvard-professor-charles-lieber-guilty-of-hiding-ties-to-china,The former chair of Harvard's chemistry department has been convicted of lying to the university and the IRS about his ties with China.,NPR,"Dec 22, 2021"
China_Academic_Espionage,Harvard chemistry department Charles Lieber Epstein China,Harvard Professor Charles Lieber Found Guilty of Lying ...,https://www.thecrimson.com/article/2021/12/22/lieber-verdict-day6/,"Lieber was found guilty of lying to government authorities about his ties to China in federal court on Tuesday, concluding a stunning downfall ...",The Harvard Crimson,"Dec 22, 2021"
China_Academic_Espionage,Harvard chemistry department Charles Lieber Epstein China,Harvard Professor Accused of Misleading Government ...,https://www.harvardmagazine.com/2020/01/lieber-arrest,"Lieber has made no secret of his work with Chinese partners, joining five senior Chinese officials and scientists in 2013 to found the WUT- ...",Harvard Magazine,"Jan 28, 2020"
China_Academic_Espionage,Harvard chemistry department Charles Lieber Epstein China,Harvard professor found guilty of hiding ties to Chinese- ...,https://www.theguardian.com/us-news/2021/dec/22/harvard-professor-found-guilty-of-hiding-ties-to-chinese-run-recruitment-program,A Harvard University professor charged with hiding his ties to a Chinese-run recruitment program has been found guilty on all counts.,The Guardian,"Dec 21, 2021"
China_Academic_Espionage,Harvard chemistry department Charles Lieber Epstein China,Scientist Accused of Hiding Chinese Funds Sues Harvard ...,https://www.nytimes.com/2020/10/09/us/charles-lieber-harvard-china.html,"Charles M. Lieber, a prominent scientist, filed a lawsuit against Harvard on Friday, asserting that the university abandoned him, in a breach of contract.",The New York Times,"Oct 9, 2020"
China_Academic_Espionage,Harvard chemistry department Charles Lieber Epstein China,"Charles Lieber, ex-Harvard professor, avoids prison time for ...",https://www.youtube.com/watch?v=P77w6G_kgAk,A former Harvard professor convicted of lying to federal investigators about his ties to a Chinese-run science recruitment program was ...,YouTube · CBS Boston,No Date
China_Academic_Espionage,Harvard chemistry department Charles Lieber Epstein China,"Charles Lieber, ex-Harvard professor, avoids prison time ...",https://www.cbsnews.com/boston/news/charles-lieber-china-ties-harvard-university-sentencing/,A former Harvard University professor convicted of lying to federal investigators about his ties to a Chinese-run science recruitment program and failing to ...,CBS News,"Apr 26, 2023"
China_Academic_Espionage,Harvard chemistry department Charles Lieber Epstein China,Ex-Harvard professor Charles Lieber gets house arrest ...,https://www.bbc.co.uk/news/world-us-canada-65402979,"He was found guilty in 2021 of making false statements to authorities, filing false tax returns and failing to report a Chinese bank account.",BBC,"Apr 26, 2023"
China_Academic_Espionage,Harvard chemistry department Charles Lieber Epstein China,Former Harvard professor Charles Lieber sentenced to ...,https://www.abc.net.au/news/2023-04-27/harvard-professor-sentenced-for-lying-about-china/102273486,Former Harvard University professor Charles Lieber has been sentenced to six months' house arrest for lying about his ties to a China-run recruitment program.,Australian Broadcasting Corporation,"Apr 26, 2023"
China_Academic_Espionage,Harvard chemistry department Charles Lieber Epstein China,Harvard professor charged with lying about China ties ...,https://www.reuters.com/world/us/harvard-professor-charged-with-lying-about-china-ties-faces-trial-2021-12-14/,"Prosecutors charged Lieber in January 2020 as part of the U.S. Department of Justice's ""China Initiative"" it started during former President ...",Reuters,"Dec 14, 2021"
China_Movement_Pattern,Epstein flight logs Hong Kong Beijing frequency,Jeffrey Epstein records 02.pdf,https://www.cbp.gov/sites/default/files/assets/documents/2023-Mar/Jeffrey%20Epstein%20records%2002.pdf,No information is available for this page.,U.S. Customs and Border Protection (.gov),No Date
China_Movement_Pattern,Epstein flight logs Hong Kong Beijing frequency,EPSTEIN FLIGHT LOGS UNREDACTED.pdf,https://ia801606.us.archive.org/30/items/epstein-flight-logs-unredacted_202304/EPSTEIN%20FLIGHT%20LOGS%20UNREDACTED.pdf,"4316 1/20/1996. 1996 G-1159B. N908JE. Jet. 22 PBI. SAF. West Palm Beach, FL, United States Santa Fe, NM, United States. 795 Pass 1.",Internet Archive,No Date
China_Movement_Pattern,Epstein flight logs Hong Kong Beijing frequency,B. Flight Log_Released in U.S. v. Maxwell,https://www.justice.gov/ag/media/1391276/dl?inline,"LOG. AIRCRAFT CATEGORY. DATE. AIRCRAFT MAKE. AND MODEL. AIRCRAFT. IDENTIFICATION. MARK. FROM. TO. MILES. FLOWN. FLT. NO. REMARKS, PROCEDURES,. MANEUVERS,.",Department of Justice (.gov),No Date
China_Movement_Pattern,Epstein flight logs Hong Kong Beijing frequency,Flight logs: Donald Trump flew on Jeffrey Epstein's planes. ...,https://www.palmbeachpost.com/story/news/trump/2025/07/25/epstein-flight-logs-list-surprising-details-of-trump-clinton-trips/85381589007/,Jeffrey Epstein's flight logs: Where did Trump and Bill Clinton go? Were any flights out of Palm Beach International?,The Palm Beach Post,"Jul 25, 2025"
China_Movement_Pattern,Epstein flight logs Hong Kong Beijing frequency,Jeffrey Epstein private plane flight logs,https://www.documentcloud.org/documents/21165406-jeffrey-epstein-private-plane-flight-logs/,"UnknownErrorException: Failed to fetch. UnknownErrorException: Failed to fetch. Page of 118. Zoom. Fit Width, Fit Height, 50%, 75%, 100%, 125%, 150%, 200%.",DocumentCloud,No Date
China_Movement_Pattern,Epstein flight logs Hong Kong Beijing frequency,Jeffrey Epstein Records 1,https://www.cbp.gov/sites/default/files/2024-05/jeffrey_epstein_records_1.pdf,U.S. Customs and Border Protection. U.S. Department of Homeland Security. TECS - Advance Traveler Information - Traveler List. 12/04/2019 11:59 BOT.,U.S. Customs and Border Protection (.gov),No Date
China_Movement_Pattern,Epstein flight logs Hong Kong Beijing frequency,Search Every Known Flight Made by Jeffrey Epstein's ...,https://www.businessinsider.com/every-flight-made-by-jeffrey-epsteins-private-jets-2020-7,"Between 1995 and his arrest on sex-trafficking charges on July 6, 2019, Jeffrey Epstein flew prolifically aboard his fleet of private planes, ...",Business Insider,"Jul 1, 2020"
China_Movement_Pattern,Epstein flight logs Hong Kong Beijing frequency,Epstein hosted Ira Magaziner and Bill Clinton on his plane. ...,https://www.providencejournal.com/story/news/politics/2025/07/25/jeffrey-epstein-ira-magaziner-ri-rhode-island-flight-logs-clinton-foundation/85363952007/,"Flight logs show Ira Magaziner flew several times on Epstein's private plane. His son, Rep. Seth Magaziner, says it was for the Clinton ...",The Providence Journal,"Jul 25, 2025"
China_Movement_Pattern,Epstein flight logs Hong Kong Beijing frequency,"Epstein documents release: Names, flight logs unveiled. ...",https://www.axios.com/2025/02/28/jeffrey-epstein-documents-release-names-flights,"The documents released by Attorney General Pam Bondi include flight logs, a redacted contact book and masseuse list and an evidence list.",Axios,"Feb 27, 2025"
China_Movement_Pattern,Epstein flight logs Hong Kong Beijing frequency,Epstein passenger stats,https://view.ceros.com/business-insider-editorial/epstein-passenger-stats,"... in his flight logs, on a 1997 flight between Palm Beach and Newark. Hover over each to learn more. NOTABLE PASSENGERS. NUMBER OF FLIGHTS. NOTABLE PASSEN ...",Ceros,No Date
InfoOp_Russia,Russian botnets promoting Epstein leaks 2016 2024,Russian interference in the 2016 United States elections,https://en.wikipedia.org/wiki/Russian_interference_in_the_2016_United_States_elections,"According to the U.S. Intelligence Community, the operation—code named ""Project Lakhta""—was ordered directly by Russian president Vladimir Putin. ... The ""hacking ...",Wikipedia,No Date
InfoOp_Russia,Russian botnets promoting Epstein leaks 2016 2024,U.S. says Russian bot farm used AI to impersonate ...,https://www.npr.org/2024/07/09/g-s1-9010/russia-bot-farm-ai-disinformation,"The U.S. Department of Justice said it disrupted a Russian propaganda campaign using fake social media accounts, powered by artificial ...",NPR,"Jul 9, 2024"
InfoOp_Russia,Russian botnets promoting Epstein leaks 2016 2024,Russian disinformation sites linked to former Florida deputy ...,https://www.nbcnews.com/news/us-news/fake-news-sites-florida-deputy-sheriff-russia-rcna154315,"More than 150 fake news websites are connected to John Mark Dougan, an American former law enforcement officer living in Moscow, ...",NBC News,"May 29, 2024"
InfoOp_Russia,Russian botnets promoting Epstein leaks 2016 2024,A MAGA bot network on X is divided over the Trump- ...,https://www.reddit.com/r/technology/comments/1m4mzra/a_maga_bot_network_on_x_is_divided_over_the/,Each of these bots could spin up and post a new piece of misinformation every second of the rest of our lives. There is straight up no way for a ...,Reddit · r/technology,No Date
InfoOp_Russia,Russian botnets promoting Epstein leaks 2016 2024,Hundreds of English-language websites link to pro-Kremlin ...,https://www.theguardian.com/world/2025/nov/21/english-language-websites-link-pro-kremlin-russian-propaganda-pravda-network,"Thinktank says internet flooded with disinformation by Russia-aligned Pravda network, which many websites treat as credible.",The Guardian,"Nov 21, 2025"
InfoOp_Russia,Russian botnets promoting Epstein leaks 2016 2024,MAGA-affiliated bot accounts are producing conflicting ...,https://www.facebook.com/brutamerica/posts/maga-affiliated-bot-accounts-are-producing-conflicting-messages-around-the-epste/1187192610120578/,MAGA-affiliated bot accounts are producing conflicting messages around the Epstein files. Analytics firm Alethea and Clemson University ...,Facebook · Brut,No Date
InfoOp_Russia,Russian botnets promoting Epstein leaks 2016 2024,US officials uncover alleged Russian 'bot farm',https://www.bbc.com/news/articles/c4ng24pxkelo,The justice department says nearly 1000 social media accounts distributed pro-Russia stories.,BBC,"Jul 9, 2024"
InfoOp_Russia,Russian botnets promoting Epstein leaks 2016 2024,RUSSIAN INTERFERENCE IN THE 2016 U.S. ELECTIONS ...,https://www.intelligence.senate.gov/wp-content/uploads/2024/08/sites-default-files-hearings-russian-interference-in-the-2016-u-s-elections-s-hrg-115-92.pdf,"entities during the 2016 elections, but not the overall Russian influence campaign covered in the. January 2017 declassified Intelligence Community (I C) ...",Senate Select Committee on Intelligence | (.gov),No Date
InfoOp_Russia,Russian botnets promoting Epstein leaks 2016 2024,Justice Department Disrupts Covert Russian Government ...,https://www.justice.gov/archives/opa/pr/justice-department-disrupts-covert-russian-government-sponsored-foreign-malign-influence,The Justice Department today announced the ongoing seizure of 32 internet domains used in Russian government-directed foreign malign influence campaigns.,Department of Justice (.gov),"Sep 4, 2024"
InfoOp_Russia,Russian botnets promoting Epstein leaks 2016 2024,Feds shut down Russian AI 'bot farm' that spread ...,https://www.usatoday.com/story/news/nation/2024/07/09/feds-disrupt-bot-farm-that-spread-social-media-lies-for-putin/74343215007/,Federal prosecutors ripped down hundreds of artificial intelligence-generated phony social media accounts used by Russian operatives to create a bot farm that ...,USA Today,"Jul 10, 2024"
InfoOp_China,China state media narrative Epstein scandal 2019,China Is Waging a Disinformation War Against Hong Kong ...,https://www.nytimes.com/2019/08/13/world/asia/hong-kong-protests-china.html,"Chinese state media have painted the demonstrations as the work of a small, violent gang lacking popular support.",The New York Times,"Aug 13, 2019"
InfoOp_China,China state media narrative Epstein scandal 2019,New Epstein Records Tie U.S. Power Brokers to Beijing ...,https://www.thebureau.news/p/peril-and-chinatown-new-epstein-records,WASHINGTON — Newly released documents from the Jeffrey Epstein estate show the convicted sex offender operating far closer to the heart of ...,The Bureau | Sam Cooper,"Nov 18, 2025"
InfoOp_China,China state media narrative Epstein scandal 2019,"'Chinese stole secrets' and 'Andrew, Epstein and me'",https://www.bbc.com/news/articles/cvg73jvd184o,The now-collapsed case against two men accused of spying for China is front and centre for a number of the papers.,BBC,"Oct 15, 2025"
InfoOp_China,China state media narrative Epstein scandal 2019,China is using the world's largest online disinformation ...,https://www.cnn.com/2023/11/13/us/china-online-disinformation-invs,"The Chinese government has built up the world's largest known online disinformation operation and is using it to harass US residents, ...",CNN,"Nov 13, 2023"
InfoOp_China,China state media narrative Epstein scandal 2019,"On Epstein, China, AI geopolitics, Gaza, and recommendations",https://thetechbubble.substack.com/p/on-epstein-china-ai-geopolitics-gaza,The Tech Bubble Consumer Dispatch #5 (7/25/25),Substack · The Tech Bubble,No Date
InfoOp_China,China state media narrative Epstein scandal 2019,Hamilton 2.0 – Analysis 3 – Why the Jeffrey Epstein saga ...,https://securingdemocracy.gmfus.org/hamilton-2-0-analysis-3-why-the-jeffrey-epstein-saga-was-the-russian-government-funded-medias-top-story-of-2019/,"Given the lack of any notable connection between Epstein and Russian interests, the focus on Epstein highlights the Kremlin's clear ...",Alliance For Securing Democracy,"Jan 6, 2020"
InfoOp_China,China state media narrative Epstein scandal 2019,What does China think about Hong Kong's protests?,https://www.washingtonpost.com/politics/2019/08/19/what-is-chinas-propaganda-machine-saying-about-hong-kong-protests/,What is China's propaganda machine saying about the Hong Kong protests? Beijing blames foreign forces for inciting 'riots.' Here's why that ...,The Washington Post,"Aug 19, 2019"
InfoOp_China,China state media narrative Epstein scandal 2019,How the Epstein case is tearing apart Maga's conspiracy ...,https://www.bbc.com/news/articles/cdx5xzy8kn1o,"In conspiratorial pro-Trump spaces online, arguments rage over the US president's approach to the long-running saga.",BBC,"Jul 25, 2025"
InfoOp_China,China state media narrative Epstein scandal 2019,What Are the Epstein Files: A Timeline,https://www.britannica.com/topic/The-Epstein-Files-A-Timeline,The Epstein files are documents related to criminal charges of sex trafficking brought against Jeffrey Epstein.,Britannica,"Jul 7, 2025"
InfoOp_China,China state media narrative Epstein scandal 2019,Examining The Media Coverage Involving Jeffrey Epstein,https://norcalpublicmedia.org/morning-edition/examining-the-media-coverage-involving-jeffrey-epstein,Alaska Senator Lisa Murkowski was one of seven Republicans who voted to convict Donald Trump in his impeachment trial. Could Alaska's new open primary save ...,Northern California Public Media,No Date
InfoOp_Platform_Bias,TikTok algorithm suppressing promoting Epstein content,The Persistent Pull of Planet Epstein,https://www.newyorker.com/news/fault-lines/the-persistent-pull-of-planet-epstein,"In the past three months, I have been spending an unfortunate amount of time on TikTok and YouTube, and the algorithms have decided to split my ...",The New Yorker,"Oct 10, 2025"
InfoOp_Platform_Bias,TikTok algorithm suppressing promoting Epstein content,TikTok's algorithm is highly sensitive – and could send you ...,https://www.theguardian.com/technology/article/2024/jul/27/tiktoks-algorithm-is-highly-sensitive-and-could-send-you-down-a-hate-filled-rabbit-hole-before-you-know-it,"TikTok's highly active recommendation system is designed to keep users clicking on videos, even if they contain racist or homophobic content.",The Guardian,"Jul 26, 2024"
InfoOp_Platform_Bias,TikTok algorithm suppressing promoting Epstein content,How TikTok's Algorithm Could Shift with a US Spin-off,https://www.scientificamerican.com/podcast/episode/what-tiktoks-u-s-spin-off-means-for-its-algorithm-and-content-moderation/,TikTok's U.S. spin-off could reshape its algorithm and the way culture is curated online.,Scientific American,"Oct 29, 2025"
InfoOp_Platform_Bias,TikTok algorithm suppressing promoting Epstein content,How TikTok Reads Your Mind,https://www.nytimes.com/2021/12/05/business/media/tiktok-algorithm.html,The document illustrates in detail how the company tweaks its system to identify and suppress “like bait” — videos designed to game the ...,The New York Times,"Dec 5, 2021"
InfoOp_Platform_Bias,TikTok algorithm suppressing promoting Epstein content,The Difference Between TikTok and Free Expression,https://www.theatlantic.com/ideas/archive/2025/01/difference-between-tiktok-and-free-expression/681375/,Analysis by the Alliance for Securing Democracy concluded that TikTok's algorithm was manipulated by Russia to promote a pro-Moscow narrative ...,The Atlantic,"Jan 19, 2025"
InfoOp_Platform_Bias,TikTok algorithm suppressing promoting Epstein content,TRUMP'S TIKTOK FLOODED WITH EPSTEIN DEMANDS ...,https://www.facebook.com/JimHeathTV/posts/-trumps-tiktok-flooded-with-epstein-demands-then-the-deletions-began-donald-trum/1146785167268888/,” Now we've learned TikTok is actively scrubbing Epstein content from Trump's videos — even as Republicans scream about free speech and cancel ...,Facebook · Jim Heath,No Date
InfoOp_Platform_Bias,TikTok algorithm suppressing promoting Epstein content,Analysis: Can the U.S. government ban TikTok?,https://www.pbs.org/newshour/nation/analysis-can-the-u-s-government-ban-tiktok,The second issue that the U.S. government has raised is algorithm bias or algorithm manipulation. TikTok and most social media apps have ...,PBS,"Mar 25, 2023"
InfoOp_Platform_Bias,TikTok algorithm suppressing promoting Epstein content,TikTok can shape America's next generation and Beijing ...,https://thehill.com/opinion/national-security/5432077-tiktok-china-influence-us/,"A Rutgers study found TikTok suppressed unfavorable accounts of sensitive topics, including Tibet, Tiananmen Square, Uyghur rights and Xinjiang.",The Hill,"Aug 2, 2025"
InfoOp_Platform_Bias,TikTok algorithm suppressing promoting Epstein content,Understanding TikTok's Suppression Algorithm and its ...,https://www.tiktok.com/@washingtonpost/video/7158547951239826731?lang=en,Tik Tok is quickly becoming the go-to news source for many Americans this means that if Tik Tok is boosting or suppressing certain words viewers should be aware.,TikTok · We are a newspaper.,No Date
InfoOp_Platform_Bias,TikTok algorithm suppressing promoting Epstein content,Why U.S. officials want to ban TikTok,https://www.cbsnews.com/news/tiktok-ban-congress-reasons-why/,A law that could lead to a national ban of TikTok cleared the Senate on Tuesday night in a bipartisan vote of 79-18.,CBS News,"Apr 24, 2024"
